keyword,public_dataset_count
housing and development,54
health and safety,52
permits,49
gis,36
transportation,22
covid-19,20
map,19
vision zero,19
government and finance,18
parking,18
glocal,16
construction,15
building energy use disclosure ordinance - beudo,12
census,12
community development department - cdd,12
sustainability,12
department of public works - dpw,11
elections,11
police,11
assessing,9
bicycles,8
business,8
labor force,8
neighborhoods,8
permit,8
economic development,7
energy,7
fire department,7
motor vehicles,7
streets,7
budget,6
commuting,6
residential,6
sidewalks,6
art,5
bicycle count,5
buildings,5
cambridge public schools - cps,5
climate,5
electricity,5
equity,5
planning,5
population,5
restaurants,5
snow and ice,5
violations,5
zoning,5
address,4
demographics,4
dumpsters,4
education,4
hotel rooms,4
income,4
parcels,4
parks,4
pedestrians,4
plumbing,4
trash,4
accidents,3
american community survey,3
annual household income,3
commercial,3
compost,3
condominiums,3
crash,3
disabled,3
ems,3
environment,3
fiscal year,3
greenhouse gas - ghg,3
naloxone,3
open data,3
opioids,3
overdose,3
parking meter,3
public art,3
public health,3
recycling,3
solar,3
street,3
street intersections,3
traffic counts,3
water,3
311,2
bluebikes,2
catering,2
city council,2
commercial districts,2
computer-aided dispatch - cad,2
congressional districts,2
crime,2
demolition,2
development log,2
eco-totem,2
entertainment,2
environmental protection agency - epa,2
hvac,2
language,2
leed,2
non-profit,2
open space,2
participatory budgeting - pb,2
playgrounds,2
shapefile,2
survey,2
temporary permits,2
trees,2
vacancy,2
vaccination,2
voter turnout,2
wards and precincts,2
911,1
accessible,1
air conditioning,1
air quality,1
airbnb,1
alteration,1
ambulance,1
appliances,1
asbestos,1
awards,1
board of zoning appeal - bza,1
boundary,1
cambridge public library,1
central square,1
charging station,1
citations,1
city of cambridge,1
confidentiality protected,1
coordinates,1
department of transitional assistance - dta,1
diversity,1
dog licenses,1
dogs,1
easements,1
electric vehicles,1
emergency,1
emergency aid to the elderly disabled and children - eaedc,1
employees,1
energy efficiency,1
enterprise green communities,1
ev,1
event,1
excavation,1
farmers' market,1
featured datasets,1
find it,1
foreclosure,1
fresh pond,1
graffiti,1
grants,1
historic districts,1
historic places,1
historical landmarks,1
homeless,1
households,1
housing code,1
internal review,1
kendall square,1
land use,1
libraries,1
life sciences,1
municipal buildings,1
municipal parking lots,1
non-governmental organization - ngo,1
obsolete,1
passive house,1
pedestrian count,1
phius,1
pollution,1
potholes,1
public safety,1
rats,1
rent,1
salaries,1
salt,1
seattle derived,1
see click fix,1
short-term rental,1
street lights,1
street sweeping,1
taxi cab,1
test dataset,1
tobacco,1
tourism,1
traffic,1
unemployment,1
university,1
visa,1
wastewater,1
wetlands,1
youth center,1
