uid,name,category,keywords,department_inferred,department_inference_method,attribution,license,creation_date,last_data_updated_date,last_data_updated_age_days,estimated_update_frequency,fresh_on_schedule,update_process,automated_refresh,privacy_notes_present,visits,downloads,url
8ypp-4946,(DEPRECATED) Miovision Traffic Data,Transportation,"bicycle count,bicycles,motor vehicles,traffic counts",Transportation,inferred_from_metadata,Miovision,,2020-06-16T20:04:27.000,2024-11-12T18:08:27.000,,As Needed,,Auto - R,True,False,1264,694,https://data.cambridgema.gov/d/8ypp-4946
gyig-vxkp,"(OBSOLETE) Dumpster License Violations (Ord. 1329, Chp. 8.25)",Inspectional Services,"violations,dumpsters,health and safety",Inspectional Services,inferred_from_metadata,"City of Cambridge, Inspectional Services Department",Open Data Commons Public Domain Dedication and License,2014-05-27T16:31:41.000,2022-03-28T13:44:43.000,,Historical Data,,,False,False,1301,592,https://data.cambridgema.gov/d/gyig-vxkp
5d8j-6wzj,2016 Presidential and State Election Results,,"government and finance,elections",Finance,inferred_from_metadata,City of Cambridge Election Commission,Open Data Commons Public Domain Dedication and License,2017-01-23T17:49:08.000,2017-01-26T16:30:27.000,,Historical Data,,,False,False,1742,460,https://data.cambridgema.gov/d/5d8j-6wzj
kkn6-hyu9,Aggregated Street Occupancy Permits,Transportation,"permit,street,parking",Transportation,inferred_from_metadata,Traffic & Parking,Open Data Commons Public Domain Dedication and License,2024-10-31T17:26:14.000,2026-08-19T09:57:16.000,0,Daily,True,Auto - R,True,False,1691,299,https://data.cambridgema.gov/d/kkn6-hyu9
jabj-v7kz,American Community Survey 5-Year Estimates by Neighborhood: Basic Demographics,Neighborhood Census Data,"census,population,neighborhoods,housing and development,glocal,american community survey",Community Development,inferred_from_metadata,U.S. Census Bureau data aggregated by the Cambridge Community Development Department,,2019-05-15T15:59:00.000,2026-02-06T16:04:12.000,194,Annually,True,,False,False,2449,676,https://data.cambridgema.gov/d/jabj-v7kz
mayq-xm5d,American Community Survey 5-Year Estimates by Neighborhood: Housing Statistics,Neighborhood Census Data,"neighborhoods,american community survey,population,census,glocal,housing and development",Community Development,inferred_from_metadata,U.S. Census Bureau data aggregated by Cambridge Community Development Department,,2019-05-15T15:11:01.000,2026-02-06T17:21:21.000,194,Annually,True,,False,False,3042,761,https://data.cambridgema.gov/d/mayq-xm5d
maef-iias,American Community Survey 5-Year Estimates by Neighborhood: Median Income,Neighborhood Census Data,"housing and development,glocal,census,income,neighborhoods",Community Development,inferred_from_metadata,U.S. Census Bureau data aggregated by the Cambridge Community Development Department,,2016-02-10T19:56:41.000,2026-02-06T18:09:49.000,194,Annually,True,,False,False,3251,1175,https://data.cambridgema.gov/d/maef-iias
m9gy-vc6p,American Community Survey 5-Year Estimates by Neighborhood: Socio-Economic Characteristics,Neighborhood Census Data,"glocal,equity,american community survey,census,language,education,income,housing and development",Community Development,inferred_from_metadata,U.S. Census Bureau data aggregated by Cambridge Community Development Department,,2019-05-15T15:25:01.000,2026-02-06T17:57:49.000,194,Annually,True,,False,False,1768,1513,https://data.cambridgema.gov/d/m9gy-vc6p
46sm-9zs4,Annual Town Gown Report Higher Education Statistics 2000 - Present,Planning,"planning,university,education",School Department,inferred_from_metadata,Cambridge post-secondary educational institutions,Open Data Commons Public Domain Dedication and License,2021-02-10T14:33:51.000,2026-01-20T16:02:53.000,211,Annually,True,Manual,False,False,2098,446,https://data.cambridgema.gov/d/46sm-9zs4
rrgw-vvzj,Appliance Large Items Permits,Public Works,"permits,appliances",Public Works (DPW),inferred_from_metadata,,Open Data Commons Public Domain Dedication and License,2019-12-12T21:05:10.000,2026-08-19T09:38:44.000,0,Weekly,True,Auto - Python,True,False,939,377,https://data.cambridgema.gov/d/rrgw-vvzj
tdg3-whvc,Application to Modify Building Plans,Inspectional Services,"construction,permit,buildings",Inspectional Services,inferred_from_metadata,,Open Data Commons Public Domain Dedication and License,2025-02-21T13:43:03.000,2026-08-19T09:43:37.000,0,Daily,True,Auto - Python,True,False,427,51,https://data.cambridgema.gov/d/tdg3-whvc
b2gz-4dd7,Art Organizations in Cambridge,,"art,non-profit",Unassigned/Unknown,missing,,Open Data Commons Public Domain Dedication and License,2022-07-28T13:22:09.000,2024-07-30T15:57:18.000,,As Needed,,,False,False,1299,948,https://data.cambridgema.gov/d/b2gz-4dd7
ay64-ymwq,Article 22 Green Building Review Projects,Energy and the Environment,"leed,energy,energy efficiency,enterprise green communities,housing and development,zoning,sustainability,phius,passive house",Community Development,inferred_from_metadata,Community Development Department,,2016-12-12T20:48:48.000,2026-06-24T20:10:03.000,56,Semiannually,True,,False,False,4599,815,https://data.cambridgema.gov/d/ay64-ymwq
jrxr-y9ty,Asbestos Removal Permits,Inspectional Services,"construction,permits,health and safety,environment,asbestos",Inspectional Services,inferred_from_metadata,City of Cambridge Inspectional Services Department,Open Data Commons Public Domain Dedication and License,2018-06-26T16:15:44.000,2026-08-19T09:45:24.000,0,Daily,True,Auto - Python,True,False,3293,746,https://data.cambridgema.gov/d/jrxr-y9ty
693a-ehdm,ASSESSING_ParcelsFY2016,Assessing,"obsolete,parcels",Inspectional Services,inferred_from_metadata,City of Cambridge,,2015-10-27T16:51:31.000,2024-10-24T18:09:35.000,,Historical Data,,,False,False,335,234,https://data.cambridgema.gov/d/693a-ehdm
v43b-kqeq,Average Daily Traffic Counts 1972 to 2017 (Historical),Transportation,"vision zero,traffic counts",Transportation,inferred_from_metadata,City of Cambridge Traffic and Parking,Open Data Commons Public Domain Dedication and License,2015-11-10T21:00:01.000,2017-02-24T13:59:41.000,,Historical Data,,,False,False,5054,812,https://data.cambridgema.gov/d/v43b-kqeq
4hqi-mnr3,BEUDO Buildings 2015,Energy and the Environment,building energy use disclosure ordinance - beudo,Inspectional Services,inferred_from_metadata,City of Cambridge,,2023-04-10T16:45:20.000,2026-02-06T17:13:43.000,,Historical Data,,,False,False,284,259,https://data.cambridgema.gov/d/4hqi-mnr3
36ip-326w,BEUDO Buildings 2016,Energy and the Environment,building energy use disclosure ordinance - beudo,Inspectional Services,inferred_from_metadata,City of Cambridge,,2023-04-10T16:42:43.000,2026-02-06T17:11:43.000,,Historical Data,,,False,False,263,231,https://data.cambridgema.gov/d/36ip-326w
v648-bvf6,BEUDO Buildings 2017,Energy and the Environment,building energy use disclosure ordinance - beudo,Inspectional Services,inferred_from_metadata,City of Cambridge,,2023-04-10T16:40:15.000,2026-02-06T17:07:36.000,,Historical Data,,,False,False,353,266,https://data.cambridgema.gov/d/v648-bvf6
gh2d-pibw,BEUDO Buildings 2018,Energy and the Environment,building energy use disclosure ordinance - beudo,Inspectional Services,inferred_from_metadata,City of Cambridge,,2023-04-10T16:20:18.000,2026-02-06T17:04:46.000,,Historical Data,,,False,False,244,246,https://data.cambridgema.gov/d/gh2d-pibw
vuix-ibnc,BEUDO Buildings 2019,Energy and the Environment,building energy use disclosure ordinance - beudo,Inspectional Services,inferred_from_metadata,City of Cambridge,,2023-04-10T16:27:13.000,2026-02-06T17:02:08.000,,Historical Data,,,False,False,312,251,https://data.cambridgema.gov/d/vuix-ibnc
gw5f-78zh,BEUDO Buildings 2020,Energy and the Environment,building energy use disclosure ordinance - beudo,Inspectional Services,inferred_from_metadata,City of Cambridge,,2023-04-10T16:30:59.000,2026-02-06T16:59:50.000,,Historical Data,,,False,False,278,225,https://data.cambridgema.gov/d/gw5f-78zh
fugk-uqbz,BEUDO Buildings 2021,Energy and the Environment,building energy use disclosure ordinance - beudo,Inspectional Services,inferred_from_metadata,City of Cambridge,,2023-04-10T16:37:10.000,2026-02-06T16:58:04.000,,Historical Data,,,False,False,443,251,https://data.cambridgema.gov/d/fugk-uqbz
en4v-rq8q,BEUDO Buildings 2022,Energy and the Environment,building energy use disclosure ordinance - beudo,Inspectional Services,inferred_from_metadata,City of Cambridge,,2023-12-06T19:44:54.000,2026-02-06T16:53:47.000,,As Needed,,,False,False,289,239,https://data.cambridgema.gov/d/en4v-rq8q
cpx7-2rgi,BEUDO Buildings 2023,Energy and the Environment,building energy use disclosure ordinance - beudo,Inspectional Services,inferred_from_metadata,City of Cambridge,Open Data Commons Public Domain Dedication and License,2024-10-31T17:11:52.000,2026-02-06T16:49:15.000,,Historical Data,,,False,False,256,196,https://data.cambridgema.gov/d/cpx7-2rgi
fr2i-rdxb,BEUDO Buildings 2024,Energy and the Environment,building energy use disclosure ordinance - beudo,Inspectional Services,inferred_from_metadata,City of Cambridge,Open Data Commons Public Domain Dedication and License,2025-11-04T21:45:53.000,2026-02-06T16:44:11.000,,Historical Data,,Manual,False,False,121,10,https://data.cambridgema.gov/d/fr2i-rdxb
iud6-avxc,Bid List (Historical),Purchasing,,Purchasing,inferred_from_metadata,,Open Data Commons Public Domain Dedication and License,2024-06-28T16:31:33.000,2026-08-13T21:02:59.000,,Historical Data,,,False,False,834,47233,https://data.cambridgema.gov/d/iud6-avxc
pmii-ykdf,Bid List: Construction (Historical),Purchasing,,Purchasing,inferred_from_metadata,,Open Data Commons Public Domain Dedication and License,2024-06-28T16:57:09.000,2026-08-13T21:05:38.000,,Historical Data,,,False,False,529,305,https://data.cambridgema.gov/d/pmii-ykdf
9aey-9g9p,Bike Facilities,Public Works,"gis,bicycles,vision zero",Public Works (DPW),inferred_from_metadata,Cambridge GIS,Open Data Commons Public Domain Dedication and License,2021-06-15T20:52:27.000,2026-08-19T04:15:44.000,,As Needed,,Other/Unknown,False,False,888,303,https://data.cambridgema.gov/d/9aey-9g9p
i2em-9w6g,Block Party Permits,Transportation,"neighborhoods,permits,streets,parking",Transportation,inferred_from_metadata,traffic and parking,Open Data Commons Public Domain Dedication and License,2023-12-21T20:34:06.000,2026-08-17T13:52:56.000,2,Weekly,True,Auto - Python,True,False,728,306,https://data.cambridgema.gov/d/i2em-9w6g
cc2f-bntg,Bluebikes Data Summarized,Transportation,"bluebikes,bicycles",Transportation,inferred_from_metadata,Bluebikes,Open Data Commons Public Domain Dedication and License,2021-12-22T20:29:30.000,2026-08-07T13:01:15.000,12,Monthly,True,Auto - R,True,False,199,34,https://data.cambridgema.gov/d/cc2f-bntg
urfm-usws,Board of Zoning Appeal Requests,Inspectional Services,"housing and development,zoning,permits,board of zoning appeal - bza",Inspectional Services,inferred_from_metadata,Zoning Division,Open Data Commons Public Domain Dedication and License,2015-09-21T13:14:51.000,2026-08-19T09:47:39.000,0,Daily,True,Auto - Python,True,False,5568,28806,https://data.cambridgema.gov/d/urfm-usws
9chi-2ed3,Budget - Capital,Budget/Finance,"government and finance,budget,fiscal year",Budget,inferred_from_metadata,,Open Data Commons Public Domain Dedication and License,2015-05-14T23:56:08.000,2026-05-05T20:37:42.000,106,Annually,True,Manual,False,False,1981,671,https://data.cambridgema.gov/d/9chi-2ed3
yvt6-qmqd,Budget - Capital FY17-FY21 (Archive),Budget/Finance,government and finance,Budget,inferred_from_metadata,,Open Data Commons Public Domain Dedication and License,2017-05-30T15:33:38.000,2017-05-30T16:07:31.000,,Historical Data,,,False,False,493,317,https://data.cambridgema.gov/d/yvt6-qmqd
5bn4-5wey,Budget - Operating Expenditures,Budget/Finance,,Budget,inferred_from_metadata,,Public Domain,2015-07-07T13:15:06.000,2026-05-05T20:37:29.000,106,Annually,True,Manual,False,False,2718,1141,https://data.cambridgema.gov/d/5bn4-5wey
ixyv-mje6,Budget - Operating Revenues,Budget/Finance,"budget,fiscal year,government and finance",Budget,inferred_from_metadata,,Open Data Commons Public Domain Dedication and License,2015-07-07T13:12:00.000,2026-05-05T20:37:36.000,106,Annually,True,Manual,False,False,1727,618,https://data.cambridgema.gov/d/ixyv-mje6
ixg8-tyau,Budget - Salaries,Budget/Finance,"government and finance,budget,fiscal year",Budget,inferred_from_metadata,,Open Data Commons Public Domain Dedication and License,2015-05-27T19:54:14.000,2026-05-05T19:49:25.000,106,Annually,True,Manual,False,False,55308,2804,https://data.cambridgema.gov/d/ixg8-tyau
52p4-36ct,Building Permits: 1 and 2 Family - DEPRECATED,Inspectional Services,"construction,permits,housing and development",Inspectional Services,inferred_from_metadata,,Open Data Commons Public Domain Dedication and License,2016-01-05T18:14:00.000,2021-05-25T09:01:41.000,,Historical Data,,,False,False,4388,1019,https://data.cambridgema.gov/d/52p4-36ct
qu2z-8suj,Building Permits: Addition/Alteration,Inspectional Services,"alteration,permits,housing and development,construction",Inspectional Services,inferred_from_metadata,City of Cambridge Inspectional Services Department,Open Data Commons Public Domain Dedication and License,2018-10-30T14:36:26.000,2026-08-19T09:47:16.000,0,Daily,True,Auto - Python,True,False,19248,2204,https://data.cambridgema.gov/d/qu2z-8suj
9qm7-wbdc,Building Permits: New Construction,Inspectional Services,"plumbing,permits,construction,housing and development",Inspectional Services,inferred_from_metadata,,Open Data Commons Public Domain Dedication and License,2018-11-15T14:44:01.000,2026-08-19T09:46:55.000,0,Daily,True,Auto - Python,True,False,14400,8875,https://data.cambridgema.gov/d/9qm7-wbdc
ex75-8iwq,Building Permits: Short Form,Inspectional Services,"permits,buildings,construction,alteration,demolition",Inspectional Services,inferred_from_metadata,Inspectional Services,Open Data Commons Public Domain Dedication and License,2026-07-22T21:26:43.000,2026-08-19T09:47:09.000,0,Daily,True,Auto - Python,True,False,63,9,https://data.cambridgema.gov/d/ex75-8iwq
5zhg-nwb3,Buildings,Planning,"gis,housing and development,buildings",Inspectional Services,inferred_from_metadata,Cambridge GIS,Open Data Commons Public Domain Dedication and License,2021-06-10T20:29:45.000,2026-07-01T04:13:00.000,,As Needed,,Other/Unknown,False,False,1617,1004,https://data.cambridgema.gov/d/5zhg-nwb3
4ftb-8ne5,Cambridge Address Points,Planning,"gis,address,housing and development",Public Works (DPW),inferred_from_metadata,Cambridge GIS,Open Data Commons Public Domain Dedication and License,2021-06-10T20:10:14.000,2026-08-19T04:19:13.000,1,Monthly,True,Other/Unknown,False,False,969,369,https://data.cambridgema.gov/d/4ftb-8ne5
wrqt-2qw9,Cambridge Arts Grants 2007-Present,General Government,"art,entertainment,government and finance,grants",Finance,inferred_from_metadata,Cambridge Arts Council,Open Data Commons Public Domain Dedication and License,2017-01-26T17:08:40.000,2026-06-03T14:41:24.000,,Historical Data,,,False,False,1071,825,https://data.cambridgema.gov/d/wrqt-2qw9
x55n-q9yc,Cambridge Arts Street Performer Permits 2000-2016,General Government,"permits,entertainment",Cambridge Arts,inferred_from_metadata,Cambridge Arts Council,Open Data Commons Public Domain Dedication and License,2017-01-26T17:26:03.000,2017-05-18T18:24:35.000,,Historical Data,,Manual,False,False,842,342,https://data.cambridgema.gov/d/x55n-q9yc
bdjh-g8un,Cambridge Bluebikes Data,Transportation,"bluebikes,bicycles",Transportation,inferred_from_metadata,Bluebikes,,2020-08-25T20:54:26.000,2026-08-07T13:01:15.000,12,Monthly,True,Auto - R,True,False,416,33,https://data.cambridgema.gov/d/bdjh-g8un
72g6-j7aq,Cambridge Building Energy Use Disclosure Ordinance (BEUDO) Data 2015-2024,Energy and the Environment,"sustainability,building energy use disclosure ordinance - beudo,glocal,housing and development",Community Development,inferred_from_metadata,Community Development Department,,2016-11-21T23:27:04.000,2025-12-15T22:08:42.000,247,Annually,True,,False,False,10722,3225,https://data.cambridgema.gov/d/72g6-j7aq
2b3j-9kdn,Cambridge Business Diversity Directory,Economic Development,"diversity,business,planning,disabled,economic development",Community Development,inferred_from_metadata,Cambridge Community Development and local businesses,Open Data Commons Public Domain Dedication and License,2021-04-21T13:40:06.000,2026-07-21T20:33:57.000,29,Annually,True,,False,False,2235,3233,https://data.cambridgema.gov/d/2b3j-9kdn
eiuf-6ksy,Cambridge Community Wide Greenhouse Gas Inventory 2012,Energy and the Environment,"glocal,energy,climate,greenhouse gas - ghg,sustainability",Transportation,inferred_from_metadata,Cambridge CDD,,2018-01-02T20:29:39.000,2018-01-02T21:22:20.000,,As Needed,,,False,False,923,410,https://data.cambridgema.gov/d/eiuf-6ksy
wtcw-2b22,Cambridge Featured Data Projects Gallery,General Government,open data,Unassigned/Unknown,missing,,Open Data Commons Public Domain Dedication and License,2017-03-15T15:20:29.000,2026-05-04T15:15:23.000,,As Needed,,,False,False,1293,12378,https://data.cambridgema.gov/d/wtcw-2b22
ify2-i22z,Cambridge Homeless Point-in-Time Count data: 2012-present,Department of Human Service Programs (DHSP),"housing and development,census,health and safety,homeless",Human Service Programs,inferred_from_metadata,Cambridge Department of Human Service Programs,Open Data Commons Public Domain Dedication and License,2017-11-13T16:42:23.000,2026-06-29T19:18:55.000,51,Annually,True,Manual,False,False,10898,930,https://data.cambridgema.gov/d/ify2-i22z
4ych-7366,Cambridge Municipal 2021 Electric Use and Cost Data,,"greenhouse gas - ghg,electricity,climate,solar,energy",Public Works (DPW),inferred_from_metadata,Department of Public Works,Open Data Commons Public Domain Dedication and License,2022-08-12T21:24:27.000,2022-10-05T15:13:16.000,,As Needed,,,False,False,516,292,https://data.cambridgema.gov/d/4ych-7366
m5zs-2fuf,Cambridge Municipal Greenhouse Gas Inventory 2008 - 2012 (Historical),Planning,"sustainability,energy,glocal,greenhouse gas - ghg,climate",Community Development,inferred_from_metadata,,,2016-05-04T20:50:55.000,2017-04-11T20:21:38.000,,Historical Data,,,False,False,1105,395,https://data.cambridgema.gov/d/m5zs-2fuf
k3pi-9823,Cambridge Neighborhood Polygons,Planning,"neighborhoods,shapefile,gis,housing and development,map",Community Development,inferred_from_metadata,Cambridge GIS,Open Data Commons Public Domain Dedication and License,2021-08-02T22:58:50.000,2026-08-19T04:16:47.000,,As Needed,,,False,False,914,333,https://data.cambridgema.gov/d/k3pi-9823
c392-hjk3,Cambridge Parcel Data,Assessing,"parcels,gis",Inspectional Services,inferred_from_metadata,City of Cambridge,Open Data Commons Public Domain Dedication and License,2024-10-24T18:14:40.000,2025-12-11T20:02:16.000,251,Annually,True,,False,False,5798,310,https://data.cambridgema.gov/d/c392-hjk3
m7ew-safu,Cambridge Parcel Information - FY2014 (Historical),Assessing,"housing and development,parcels,assessing",Assessing,maintenanceplan_department,City of Cambridge Assessing Department,,2014-06-02T22:54:13.000,2017-03-07T02:33:37.000,,Historical Data,,,False,False,3276,17108,https://data.cambridgema.gov/d/m7ew-safu
vnxa-cuyr,Cambridge Parking Tickets,Transportation,"parking meter,vision zero,violations",Transportation,inferred_from_metadata,"This data resides on the City of Cambridge Ticket Managment System currently managed by Xerox, Corp.",Open Data Commons Public Domain Dedication and License,2014-05-13T15:13:10.000,2026-01-08T15:09:50.000,223,Annually,True,,False,False,12972,5116,https://data.cambridgema.gov/d/vnxa-cuyr
3wsm-e5jx,Cambridge Permit Finder,General Government,permits,Public Works (DPW),inferred_from_metadata,,Open Data Commons Public Domain Dedication and License,2025-12-19T16:56:11.000,2026-08-19T16:46:49.000,0,Weekly,True,Auto - R,True,False,3532,127,https://data.cambridgema.gov/d/3wsm-e5jx
crnm-mw9n,Cambridge Property Database FY2015,Assessing,"buildings,housing and development,assessing",Assessing,inferred_from_metadata,City of Cambridge,,2014-06-03T18:49:36.000,2021-04-08T18:53:50.000,,Historical Data,,,False,False,7423,15089,https://data.cambridgema.gov/d/crnm-mw9n
eey2-rv59,Cambridge Property Database FY2016-FY2026,Assessing,"assessing,commercial,condominiums,housing and development,residential",Assessing,inferred_from_metadata,Cambridge Assessing Dept,,2015-10-21T20:55:45.000,2025-12-10T20:18:04.000,252,Annually,True,Manual,False,False,18236,10943,https://data.cambridgema.gov/d/eey2-rv59
d4vz-292e,Cambridge Public Library Locations,General Government,"libraries,map",Inspectional Services,inferred_from_metadata,Cambridge GIS,Open Data Commons Public Domain Dedication and License,2021-08-02T23:01:53.000,2026-08-19T04:19:35.000,,As Needed,,,False,False,1507,358,https://data.cambridgema.gov/d/d4vz-292e
7rc3-kgve,Cambridge Public School Department Salaries - FY23,,"government and finance,cambridge public schools - cps,education,salaries,budget",Budget,inferred_from_metadata,Cambridge Public Schools Department,,2022-04-06T16:16:25.000,2022-12-21T20:09:01.000,,Historical Data,,,False,False,3560,452,https://data.cambridgema.gov/d/7rc3-kgve
9xx9-tt7e,Cambridge Public School Locations,General Government,cambridge public schools - cps,Inspectional Services,inferred_from_metadata,Cambridge GIS,Open Data Commons Public Domain Dedication and License,2021-08-02T23:02:02.000,2026-08-19T04:13:27.000,,As Needed,,,False,False,871,332,https://data.cambridgema.gov/d/9xx9-tt7e
mga7-6ran,Cambridge Public Schools Free & Reduced Price Meal Participation (2006-07 to 2023-24),Planning,"equity,income,cambridge public schools - cps,health and safety",Community Development,inferred_from_metadata,Cambridge Community Development Department,Open Data Commons Public Domain Dedication and License,2017-07-25T14:26:33.000,2025-02-13T19:59:32.000,,Historical Data,,,False,False,3972,481,https://data.cambridgema.gov/d/mga7-6ran
8h83-7a8h,Cambridge Public Schools Low-Income and Economically Disadvantaged Students,Planning,"cambridge public schools - cps,income,equity,education",School Department,inferred_from_metadata,MA Department of Elementary and Secondary Education,Open Data Commons Public Domain Dedication and License,2025-02-13T21:01:09.000,2026-01-23T17:25:55.000,208,Annually,True,,False,False,1207,102,https://data.cambridgema.gov/d/8h83-7a8h
nnhv-kdrr,Cambridge Roads Polygon,Planning,"gis,transportation,vision zero",Transportation,inferred_from_metadata,Cambridge GIS,Open Data Commons Public Domain Dedication and License,2021-08-02T23:06:38.000,2026-08-19T04:15:49.000,,As Needed,,Other/Unknown,False,False,1089,259,https://data.cambridgema.gov/d/nnhv-kdrr
66td-u88k,Cambridge Vaccination Demographics 3/15/2021-3/29/2023,Public Health,"vaccination,health and safety,covid-19",Public Health,inferred_from_metadata,,Open Data Commons Public Domain Dedication and License,2021-03-16T01:09:33.000,2023-03-29T21:15:16.000,,Historical Data,,,False,False,947,465,https://data.cambridgema.gov/d/66td-u88k
r3q4-v3ae,Cambridge Vaccine Demographics by Week 3/18/2021-3/29/2023 (Historical),Public Health,"covid-19,vaccination,health and safety",Public Health,inferred_from_metadata,,Open Data Commons Public Domain Dedication and License,2021-03-19T00:23:39.000,2023-03-29T21:15:16.000,,Historical Data,,,False,False,562,268,https://data.cambridgema.gov/d/r3q4-v3ae
3zhn-v3zv,Cambridge-Somerville Maternal and Child Health,Public Health,"birth,children,mothers,somerville",Public Health,inferred_from_metadata,,,2026-07-16T16:34:39.000,2026-08-05T15:17:54.000,14,Annually,True,Auto - Python,True,False,34,0,https://data.cambridgema.gov/d/3zhn-v3zv
b395-a6b2,Catering Permits,Inspectional Services,"temporary permits,health and safety,catering,permits",Inspectional Services,inferred_from_metadata,,Open Data Commons Public Domain Dedication and License,2019-03-06T21:20:46.000,2026-08-19T09:47:50.000,0,Monthly,True,Auto - Python,True,False,1001,422,https://data.cambridgema.gov/d/b395-a6b2
39c4-zj8t,Census Blocks 2010,Neighborhood Census Data,"population,census",Community Development,inferred_from_metadata,City of Cambridge Community Development Department,,2018-05-03T15:57:18.000,2018-05-03T15:57:26.000,,Historical Data,,,False,False,336,256,https://data.cambridgema.gov/d/39c4-zj8t
kwni-34ce,Census Blocks 2020,Neighborhood Census Data,"census,population,gis",Information Technology,inferred_from_metadata,US Census Bureau,,2026-01-07T16:56:00.000,2026-01-07T17:00:59.000,,As Needed,,,False,False,76,4,https://data.cambridgema.gov/d/kwni-34ce
qwvv-deed,Certificates of Occupancy,Inspectional Services,permits,Inspectional Services,inferred_from_metadata,,Open Data Commons Public Domain Dedication and License,2024-05-31T16:15:16.000,2026-08-19T09:48:15.000,0,Daily,True,Auto - Python,True,False,1027,551,https://data.cambridgema.gov/d/qwvv-deed
4wmm-yatk,Certified Sustainable Buildings,Energy and the Environment,"sustainability,leed,housing and development,community development department - cdd,building energy use disclosure ordinance - beudo",Community Development,inferred_from_metadata,Collected from various sources by Cambridge Community Development Department,,2021-05-26T17:09:55.000,2026-06-29T19:18:32.000,51,Semiannually,True,,False,False,2830,1548,https://data.cambridgema.gov/d/4wmm-yatk
wnyg-j5fh,City Boundary Polygon,General Government,"shapefile,gis,boundary",Inspectional Services,inferred_from_metadata,Cambridge GIS,Open Data Commons Public Domain Dedication and License,2023-04-10T18:56:55.000,2024-08-30T12:44:15.000,,As Needed,,,False,False,845,275,https://data.cambridgema.gov/d/wnyg-j5fh
wzr3-7kz8,City Council Election 2013,General Government,"city council,elections",Election Commission,inferred_from_metadata,Cambridge Election Commission,,2015-10-25T19:12:53.000,2015-11-02T23:45:47.000,,Historical Data,,,False,False,859,453,https://data.cambridgema.gov/d/wzr3-7kz8
43xr-6qqz,City Council Roll Call Votes 2016-2017,General Government,"government and finance,city council",Budget,inferred_from_metadata,City Clerk,Open Data Commons Public Domain Dedication and License,2017-09-05T21:24:21.000,2017-12-19T17:00:10.000,,Historical Data,,,False,False,863,397,https://data.cambridgema.gov/d/43xr-6qqz
3g59-fvq4,City Council Roll Call Votes 2018-2019,General Government,government and finance,Budget,inferred_from_metadata,City Clerk,Open Data Commons Public Domain Dedication and License,2018-01-30T19:37:17.000,2020-11-17T20:03:31.000,,Historical Data,,,False,False,997,511,https://data.cambridgema.gov/d/3g59-fvq4
uuej-6t9x,City Senior Center Interval Energy Data,Energy and the Environment,"sustainability,glocal,electricity,energy",Public Works (DPW),inferred_from_metadata,Cambridge DPW and Mass Energy Insights,,2018-08-20T21:38:31.000,2018-08-21T14:29:17.000,,Historical Data,,,False,False,1001,419,https://data.cambridgema.gov/d/uuej-6t9x
ijm6-q7em,Citywide Bicycle Counts,Transportation,"transportation,bicycles,bicycle count",Transportation,inferred_from_metadata,City of Cambridge,Open Data Commons Public Domain Dedication and License,2020-07-31T15:48:56.000,2025-02-18T17:07:00.000,,As Needed,,,False,False,1588,349,https://data.cambridgema.gov/d/ijm6-q7em
x96z-hdnh,Civic Innovation Challenge Inventory,General Government,open data,Unassigned/Unknown,missing,City of Cambridge,Open Data Commons Public Domain Dedication and License,2017-02-07T20:02:47.000,2026-08-05T20:00:04.000,14,Daily,False,Auto - R,True,False,7365,1301,https://data.cambridgema.gov/d/x96z-hdnh
ibuz-brbz,Commercial District Customer Intercept Survey Responses - Historical,Planning,"survey,economic development,business,commercial districts",Community Development,inferred_from_metadata,Community Development Department,Open Data Commons Public Domain Dedication and License,2016-10-28T15:41:57.000,2017-01-10T19:29:41.000,,Historical Data,,,False,False,1798,503,https://data.cambridgema.gov/d/ibuz-brbz
ejhf-g6hj,Commercial District Customer Intercept Survey Responses - Updated,Economic Development,"survey,central square,commercial districts",Community Development,inferred_from_metadata,Cambridge Community Development Dept,Open Data Commons Public Domain Dedication and License,2018-09-18T13:49:04.000,2026-03-02T22:29:40.000,,As Needed,,Manual,False,False,1774,491,https://data.cambridgema.gov/d/ejhf-g6hj
2sji-f9xu,Commercial Parcel Data - FY2015 (Historical),Assessing,"assessing,commercial,housing and development",Assessing,inferred_from_metadata,City of Cambridge Assessing Department,,2014-10-14T13:13:42.000,2016-12-16T01:08:38.000,,Historical Data,,,False,False,1961,550,https://data.cambridgema.gov/d/2sji-f9xu
ad63-87vz,Commercial Parcel Data FY2016,Assessing,"commercial,housing and development,assessing",Assessing,inferred_from_metadata,City of Cambridge Assessing Department,,2015-11-04T20:48:16.000,2017-03-07T02:27:40.000,,Historical Data,,,False,False,1787,504,https://data.cambridgema.gov/d/ad63-87vz
pjd4-dh4n,Commercial Parking,Transportation,"map,gis,parking",Transportation,inferred_from_metadata,Cambridge GIS,Open Data Commons Public Domain Dedication and License,2022-01-27T16:26:20.000,2026-08-19T04:13:43.000,,As Needed,,,False,False,462,279,https://data.cambridgema.gov/d/pjd4-dh4n
2z9k-mv9g,Commonwealth Connect Service Requests,Public Works,"see click fix,transportation,department of public works - dpw,glocal,311,vision zero,health and safety",Public Works (DPW),inferred_from_metadata,SeeClickFix,,2016-03-23T20:21:33.000,2026-08-19T09:37:24.000,0,Daily,True,Auto - Python,True,False,11490,18876,https://data.cambridgema.gov/d/2z9k-mv9g
df8c-ms9f,Communicable Disease Cases: Annual Summary,Public Health,"health and safety,covid-19",Public Health,inferred_from_metadata,Cambridge Public Health Department,Open Data Commons Public Domain Dedication and License,2026-01-30T15:39:35.000,2026-01-30T16:11:16.000,201,Annually,True,Manual,False,False,129,32,https://data.cambridgema.gov/d/df8c-ms9f
yc3q-q3hf,Community Development Department Zoning Districts,Planning,"gis,community development department - cdd,housing and development,zoning,map",Community Development,inferred_from_metadata,Cambridge GIS,,2022-01-27T16:43:13.000,2026-08-19T04:21:13.000,,As Needed,,,False,False,721,277,https://data.cambridgema.gov/d/yc3q-q3hf
ppai-cur6,Computer Aided Dispatch Entries,Public Safety,"computer-aided dispatch - cad,emergency,health and safety,vision zero,911",Police Department,inferred_from_metadata,Emergency Communications,Open Data Commons Public Domain Dedication and License,2016-04-04T16:27:20.000,2026-08-17T18:14:29.000,2,Monthly,True,Auto - R,True,False,4343,907,https://data.cambridgema.gov/d/ppai-cur6
88at-7ucq,Condominium Data Report FY2015 (Historical),Assessing,"assessing,housing and development,condominiums",Assessing,inferred_from_metadata,City of Cambridge Assessing Department,,2014-10-14T15:58:14.000,2016-12-16T01:42:12.000,,Historical Data,,,False,False,2180,535,https://data.cambridgema.gov/d/88at-7ucq
59zb-i8zk,Condominium Data Report FY2016,Assessing,"condominiums,housing and development,assessing",Assessing,inferred_from_metadata,City of Cambridge Assessing Department,,2015-11-04T18:06:06.000,2016-12-16T02:51:55.000,,Historical Data,,,False,False,1456,623,https://data.cambridgema.gov/d/59zb-i8zk
4nyp-vuze,Confirmed Cambridge COVID-19 Cases 4/1/2020,Public Safety,"health and safety,covid-19",Public Health,inferred_from_metadata,Cambridge Department of Public Health,Open Data Commons Public Domain Dedication and License,2020-03-20T00:17:21.000,2020-04-01T21:30:03.000,,Historical Data,,,False,False,1683,485,https://data.cambridgema.gov/d/4nyp-vuze
jgbr-p6wp,Congressional Districts,General Government,"gis,congressional districts,map,government and finance",Inspectional Services,inferred_from_metadata,Cambridge GIS,,2022-01-27T16:47:03.000,2026-08-19T04:19:43.000,,As Needed,,,False,False,468,238,https://data.cambridgema.gov/d/jgbr-p6wp
gp98-ja4f,Contracts bid list,Purchasing,,Purchasing,inferred_from_metadata,Procurement,Open Data Commons Public Domain Dedication and License,2025-04-29T13:12:55.000,2026-08-17T11:30:27.000,2,Monthly,True,Auto - R,True,False,1128,100,https://data.cambridgema.gov/d/gp98-ja4f
q9yz-5w2v,Cottage Food Operation Permit,Inspectional Services,permits,Inspectional Services,inferred_from_metadata,,Open Data Commons Public Domain Dedication and License,2024-05-30T20:52:41.000,2026-08-19T09:48:25.000,0,Daily,True,Auto - Python,True,False,412,237,https://data.cambridgema.gov/d/q9yz-5w2v
knas-mbrz,COVID-19 and Influenza Cases: Monthly Summary,Public Health,"health and safety,covid-19",Public Health,inferred_from_metadata,Cambridge Public Health Department,Open Data Commons Public Domain Dedication and License,2026-01-30T16:26:13.000,2026-01-30T16:39:05.000,201,Annually,True,Manual,False,False,155,16,https://data.cambridgema.gov/d/knas-mbrz
axxk-jvk8,COVID-19 Case Count by Date 3/1/2020-11/24/2022,Public Health,"health and safety,covid-19",Public Health,inferred_from_metadata,Cambridge Department of Public Health,Open Data Commons Public Domain Dedication and License,2020-11-23T22:08:09.000,2023-07-11T13:35:18.000,,Historical Data,,,False,False,3249,2415,https://data.cambridgema.gov/d/axxk-jvk8
ikju-95st,COVID-19 Case Type Breakdown 5/11/2023 (Historical),Public Health,"health and safety,covid-19",Public Health,inferred_from_metadata,Cambridge Department of Public Health,,2020-11-23T23:36:59.000,2023-05-11T20:00:57.000,,Historical Data,,,False,False,671,309,https://data.cambridgema.gov/d/ikju-95st
inw8-ircw,COVID-19 Cases in Cambridge (Historical),Public Health,"covid-19,health and safety",Public Health,inferred_from_metadata,Cambridge Department of Public Health,Open Data Commons Public Domain Dedication and License,2020-04-01T21:55:07.000,2020-12-07T21:06:38.000,,Historical Data,,,False,False,410209,976,https://data.cambridgema.gov/d/inw8-ircw
5dms-3pz8,COVID-19 Cases in Cambridge - Daily Snapshot 5/11/2023,,"covid-19,health and safety",Public Health,inferred_from_metadata,,Open Data Commons Public Domain Dedication and License,2020-11-23T20:07:15.000,2023-05-11T20:00:56.000,,Historical Data,,,False,False,2117,1245,https://data.cambridgema.gov/d/5dms-3pz8
jpj7-da7k,COVID-19 Community Cases 5/11/2023 (Historical),,"covid-19,health and safety",Public Health,inferred_from_metadata,,Open Data Commons Public Domain Dedication and License,2020-11-23T20:30:36.000,2023-05-11T20:00:57.000,,Historical Data,,,False,False,784,328,https://data.cambridgema.gov/d/jpj7-da7k
negp-icdt,COVID-19 Counts by Age Cohort 5/11/2023,Public Health,"covid-19,health and safety",Public Health,inferred_from_metadata,Cambridge Department of Public Health,Open Data Commons Public Domain Dedication and License,2020-11-24T17:08:35.000,2023-05-11T20:00:55.000,,Historical Data,,,False,False,702,371,https://data.cambridgema.gov/d/negp-icdt
tdt9-vq5y,COVID-19 Cumulative Cases by Date 12/8/2020,Public Health,"covid-19,health and safety",Public Health,inferred_from_metadata,Cambridge Department of Public Health,Open Data Commons Public Domain Dedication and License,2020-03-31T17:18:57.000,2020-12-07T21:06:48.000,,Historical Data,,,False,False,2463,1125,https://data.cambridgema.gov/d/tdt9-vq5y
5rax-scyt,COVID-19 Death Counts by Demographic 5/11/2023,Public Health,"covid-19,health and safety",Public Health,inferred_from_metadata,Cambridge Department of Public Health,Open Data Commons Public Domain Dedication and License,2020-11-23T21:18:57.000,2023-05-11T20:00:58.000,,Historical Data,,,False,False,1034,333,https://data.cambridgema.gov/d/5rax-scyt
ckq7-kjti,COVID-19 Long Term Care Facility Cases 5/11/2023,,"covid-19,health and safety",Public Health,inferred_from_metadata,Cambridge Department of Public Health,Open Data Commons Public Domain Dedication and License,2020-11-23T20:28:06.000,2023-05-11T20:00:56.000,,Historical Data,,,False,False,657,326,https://data.cambridgema.gov/d/ckq7-kjti
7v3g-pi6d,COVID-19 Neighborhood Case Count 5/11/2023,,"covid-19,health and safety",Community Development,inferred_from_metadata,,Open Data Commons Public Domain Dedication and License,2020-11-23T22:46:14.000,2023-05-11T20:00:57.000,,Historical Data,,,False,False,756,329,https://data.cambridgema.gov/d/7v3g-pi6d
dm97-fm73,COVID-19 Small Business Grant Awards,Economic Development,"business,covid-19",Community Development,inferred_from_metadata,"City of Cambridge, MA",Open Data Commons Public Domain Dedication and License,2022-12-01T18:55:13.000,2025-06-09T14:22:15.000,,Historical Data,,,False,False,998,900,https://data.cambridgema.gov/d/dm97-fm73
krhk-3aen,COVID-19 Testing By Week 2/8/2020-6/19/2021 (Historical),Public Health,"covid-19,health and safety",Public Health,inferred_from_metadata,Cambridge Department of Public Health,Open Data Commons Public Domain Dedication and License,2020-11-23T22:05:28.000,2023-05-11T20:00:59.000,,Historical Data,,,False,False,751,308,https://data.cambridgema.gov/d/krhk-3aen
74nt-wqhp,COVID-19 University Case Counts 5/11/2023,,"covid-19,health and safety",Public Health,inferred_from_metadata,Cambridge Department of Public Health,,2020-11-23T22:02:53.000,2023-05-11T20:00:58.000,,Historical Data,,,False,False,661,281,https://data.cambridgema.gov/d/74nt-wqhp
h6fp-bp8s,CPD Crash Log,Public Safety,"accidents,crash,motor vehicles,health and safety",Police Department,inferred_from_metadata,Cambridge Police Department,Open Data Commons Public Domain Dedication and License,2021-12-21T00:59:04.000,2026-08-19T16:01:13.000,0,Daily,True,Auto - R,True,False,12726,1297,https://data.cambridgema.gov/d/h6fp-bp8s
vppe-a39w,"Crane, Boom and Pump Truck Permits",Public Works,"permits,construction",Public Works (DPW),inferred_from_metadata,Public Works,Open Data Commons Public Domain Dedication and License,2014-04-17T02:24:33.000,2026-08-19T09:38:41.000,0,Weekly,True,Auto - Python,True,False,2060,678,https://data.cambridgema.gov/d/vppe-a39w
xuad-73uj,Crime Reports,Public Safety,"police,crime,health and safety",Police Department,inferred_from_metadata,City of Cambridge Police Department,Open Data Commons Public Domain Dedication and License,2014-05-30T14:33:29.000,2026-08-17T18:14:09.000,2,Monthly,True,Auto - R,True,False,27312,2433,https://data.cambridgema.gov/d/xuad-73uj
q2hw-5t8j,Curb Cut Permits,Inspectional Services,"construction,permits,sidewalks",Inspectional Services,inferred_from_metadata,ISD,Open Data Commons Public Domain Dedication and License,2023-11-14T18:59:16.000,2026-08-19T09:48:44.000,0,Daily,True,Auto - Python,True,False,720,318,https://data.cambridgema.gov/d/q2hw-5t8j
tu72-3w6p,Daily Municipal Compost,Public Works,"compost,trash,department of public works - dpw",Public Works (DPW),inferred_from_metadata,,Open Data Commons Public Domain Dedication and License,2025-01-08T18:12:45.000,2026-01-14T18:41:37.000,217,Annually,True,Manual,False,False,506,81,https://data.cambridgema.gov/d/tu72-3w6p
3gki-wyrb,Daily Police Log,Public Safety,"police,crime",Police Department,inferred_from_metadata,Cambridge Police Department,Open Data Commons Public Domain Dedication and License,2025-02-19T21:43:46.000,2026-08-19T18:07:04.000,0,Daily,True,Auto - Python,True,False,16403,535,https://data.cambridgema.gov/d/3gki-wyrb
veht-2mkm,"Decennial Census Housing, Tenure, & Households  1980 - 2020",Neighborhood Census Data,"census,population,housing and development,households",Community Development,inferred_from_metadata,Census Bureau Data Recompiled by Cambridge Community Development Department,,2014-01-02T17:08:40.000,2022-08-09T18:02:18.000,,As Needed,,,False,False,2684,590,https://data.cambridgema.gov/d/veht-2mkm
rqau-pwa4,"Decennial Census Population, Race & Ethnicity 1980 - 2020",Neighborhood Census Data,"census,neighborhoods,housing and development,demographics",Community Development,inferred_from_metadata,U.S. Census Bureau Data recompiled by Census Bureau or Cambridge Community Development Department,,2014-01-16T15:26:58.000,2022-08-08T19:15:47.000,,As Needed,,,False,False,1360,584,https://data.cambridgema.gov/d/rqau-pwa4
kcfi-ackv,Demolition Permits,Inspectional Services,"construction,permits,demolition",Inspectional Services,inferred_from_metadata,Inspectional Services,Open Data Commons Public Domain Dedication and License,2018-12-11T14:57:41.000,2026-08-19T09:49:02.000,0,Daily,True,Auto - Python,True,False,4360,3617,https://data.cambridgema.gov/d/kcfi-ackv
wjwg-93qh,Development Log Current Edition 2026 Q2,Planning,"housing and development,hotel rooms,development log,community development department - cdd,permits",Community Development,inferred_from_metadata,City of Cambridge Community Development Department,Open Data Commons Public Domain Dedication and License,2014-12-18T15:13:15.000,2026-07-30T20:04:52.000,20,Quarterly,True,Manual,False,False,7016,1159,https://data.cambridgema.gov/d/wjwg-93qh
5nqm-2ns2,Development Log Current Edition Project Use Data 2026 Q2,Planning,"housing and development,hotel rooms,community development department - cdd",Community Development,inferred_from_metadata,City of Cambridge Community Development Department,Open Data Commons Public Domain Dedication and License,2014-12-19T16:16:08.000,2026-07-30T20:07:46.000,20,Quarterly,True,,False,False,2493,693,https://data.cambridgema.gov/d/5nqm-2ns2
a5ud-8kjv,Development Log Historical Projects 1997 - 2025,Planning,"community development department - cdd,development log,housing and development",Community Development,inferred_from_metadata,,Open Data Commons Public Domain Dedication and License,2014-12-19T15:59:55.000,2026-04-21T16:10:59.000,120,Annually,True,,False,False,4732,1175,https://data.cambridgema.gov/d/a5ud-8kjv
5432-hmix,Development Log Historical Projects Additional Details 2011 - 2025,Planning,"community development department - cdd,hotel rooms,housing and development",Transportation,inferred_from_metadata,City of Cambridge Community Development Department,Open Data Commons Public Domain Dedication and License,2015-06-15T15:01:46.000,2026-04-21T16:31:20.000,120,Annually,True,,False,False,2011,760,https://data.cambridgema.gov/d/5432-hmix
r5mv-isth,Development Log Historical Projects Use Data 1997 - 2025,Planning,"hotel rooms,community development department - cdd,housing and development",Community Development,inferred_from_metadata,,Open Data Commons Public Domain Dedication and License,2014-12-19T16:20:04.000,2026-04-21T16:07:47.000,120,Annually,True,,False,False,2800,891,https://data.cambridgema.gov/d/r5mv-isth
p7te-amec,Development Log MapLots 2011 to Present,Planning,"parcels,housing and development,community development department - cdd",Community Development,inferred_from_metadata,City of Cambridge Community Development Department,Open Data Commons Public Domain Dedication and License,2016-08-08T16:41:59.000,2026-07-30T20:09:37.000,20,Quarterly,True,,False,False,1077,771,https://data.cambridgema.gov/d/p7te-amec
b4k4-w9fk,Dewatering Permits,Public Works,"environment,environmental protection agency - epa,permits,water,department of public works - dpw",Public Works (DPW),inferred_from_metadata,,Open Data Commons Public Domain Dedication and License,2019-11-26T15:05:04.000,2026-08-19T09:39:06.000,0,Weekly,True,Auto - Python,True,False,1253,464,https://data.cambridgema.gov/d/b4k4-w9fk
sckh-3xyx,Dogs of Cambridge,General Government,"dogs,dog licenses,featured datasets",License Commission,inferred_from_metadata,City of Cambridge Animal Commission,Open Data Commons Public Domain Dedication and License,2017-08-28T15:20:04.000,2026-08-17T11:31:20.000,2,Annually,True,,False,True,10322,2316,https://data.cambridgema.gov/d/sckh-3xyx
6rcx-ibcs,Dumpster Licenses - Historical,Inspectional Services,"dumpsters,permits",Inspectional Services,inferred_from_metadata,Inspectional Services,Open Data Commons Public Domain Dedication and License,2016-07-11T19:16:27.000,2022-03-28T13:46:23.000,,Historical Data,,,False,False,916,649,https://data.cambridgema.gov/d/6rcx-ibcs
8xmj-thsm,Dumpster Parking Permits,Transportation,"parking,dumpsters",Transportation,inferred_from_metadata,,Open Data Commons Public Domain Dedication and License,2026-02-20T13:52:50.000,2026-08-19T09:59:34.000,0,Weekly,True,Auto - Python,True,False,211,31,https://data.cambridgema.gov/d/8xmj-thsm
h6rx-ind5,Dumpster Permits,Inspectional Services,"permits,dumpsters,recycling,trash",Inspectional Services,inferred_from_metadata,,Open Data Commons Public Domain Dedication and License,2018-11-08T14:56:06.000,2026-08-19T09:49:21.000,0,Daily,True,Auto - Python,True,False,1552,512,https://data.cambridgema.gov/d/h6rx-ind5
xd4d-326b,Early Voting for 2016 Presidential Election,General Government,"elections,government and finance",Finance,inferred_from_metadata,,,2016-09-20T17:37:52.000,2016-12-16T01:58:07.000,,Historical Data,,,False,False,751,398,https://data.cambridgema.gov/d/xd4d-326b
q8v9-mcfg,Eco-Totem Broadway Bicycle Count,Transportation,"bicycle count,bicycles,vision zero,transportation,eco-totem,kendall square",Transportation,inferred_from_metadata,,,2016-02-01T16:06:55.000,2024-09-05T16:00:15.000,,As Needed,,,False,False,21259,3312,https://data.cambridgema.gov/d/q8v9-mcfg
pnfs-kgh9,Elections - Wards Precincts,General Government,"elections,government and finance,wards and precincts",Inspectional Services,inferred_from_metadata,Cambridge GIS,Open Data Commons Public Domain Dedication and License,2022-01-27T16:47:13.000,2026-08-19T04:17:36.000,,As Needed,,,False,False,382,258,https://data.cambridgema.gov/d/pnfs-kgh9
skya-cqyb,Elections Polling Locations,General Government,"elections,address",Inspectional Services,inferred_from_metadata,Cambridge GIS,Open Data Commons Public Domain Dedication and License,2022-01-27T16:47:19.000,2026-08-19T04:20:47.000,,As Needed,,,False,False,505,309,https://data.cambridgema.gov/d/skya-cqyb
nuse-ieia,ELECTIONS_CongressionalDistricts,General Government,"congressional districts,gis,city of cambridge,map",Inspectional Services,inferred_from_metadata,City of Cambridge GIS,,2014-05-23T14:02:15.000,2019-04-02T20:22:04.000,,As Needed,,,False,False,303,226,https://data.cambridgema.gov/d/nuse-ieia
ngci-ravv,ELECTIONS_StateRepDistricts,General Government,"elections,map",Inspectional Services,inferred_from_metadata,City of Cambridge GIS,,2014-05-23T14:12:23.000,2021-06-15T19:44:47.000,,As Needed,,,False,False,305,226,https://data.cambridgema.gov/d/ngci-ravv
4eya-y7ji,Electrical Maintenance Agreement,Inspectional Services,permits,Inspectional Services,inferred_from_metadata,,Open Data Commons Public Domain Dedication and License,2024-04-01T22:39:24.000,2026-08-19T09:49:33.000,0,Daily,True,Auto - Python,True,False,481,284,https://data.cambridgema.gov/d/4eya-y7ji
hvtc-3ab9,Electrical Permits,Inspectional Services,"permits,electricity",Inspectional Services,inferred_from_metadata,Inspectional Services,Open Data Commons Public Domain Dedication and License,2018-12-11T14:32:47.000,2026-08-19T09:50:38.000,0,Daily,True,Auto - Python,True,False,1870,453,https://data.cambridgema.gov/d/hvtc-3ab9
sx7w-cut7,Envision Cambridge Mobile Engagement Feedback,Planning,"equity,sustainability,community development department - cdd",Community Development,inferred_from_metadata,Community Development Department,,2017-02-14T21:25:26.000,2017-02-27T20:49:02.000,,As Needed,,,False,False,4760,917,https://data.cambridgema.gov/d/sx7w-cut7
43k6-pjtt,EPA Air Quality Data - Pollutants,Energy and the Environment,"pollution,air quality,health and safety,environmental protection agency - epa",Office of Sustainability,inferred_from_metadata,U.S. Environmental Protection Agency,Public Domain U.S. Government,2022-03-28T19:50:33.000,2025-09-03T17:57:57.000,350,Annually,True,Manual,True,False,5466,462,https://data.cambridgema.gov/d/43k6-pjtt
nuxx-d95m,Excavation Permits,Public Works,"excavation,permits",Public Works (DPW),inferred_from_metadata,,Open Data Commons Public Domain Dedication and License,2019-11-19T19:52:11.000,2026-08-19T09:40:25.000,0,Weekly,True,Auto - Python,True,False,1871,2126,https://data.cambridgema.gov/d/nuxx-d95m
kkbh-kxre,Farmer's Market Permits,Inspectional Services,"permits,health and safety,farmers' market",Inspectional Services,inferred_from_metadata,,Open Data Commons Public Domain Dedication and License,2019-02-27T15:24:19.000,2026-08-19T09:50:42.000,0,Monthly,True,Auto - R,True,False,1047,525,https://data.cambridgema.gov/d/kkbh-kxre
evap-ti2v,Find It Cambridge Events & Programs,Department of Human Service Programs (DHSP),find it,Human Service Programs,inferred_from_metadata,Cambridge Department of Human Services Programs and partner organizations,,2021-08-10T14:11:15.000,2025-04-14T11:36:26.000,,As Needed,,,False,False,923,377,https://data.cambridgema.gov/d/evap-ti2v
c4us-bahj,Flood Resilience Compliance Confirmation,Public Works,"buildings,permits,climate",Public Works (DPW),inferred_from_metadata,DPW,Open Data Commons Public Domain Dedication and License,2025-12-15T18:40:51.000,2026-08-19T09:40:09.000,0,Weekly,True,Auto - Python,True,False,171,32,https://data.cambridgema.gov/d/c4us-bahj
iect-ma2e,Food Establishment Permits,Inspectional Services,"restaurants,permits,health and safety",Inspectional Services,inferred_from_metadata,,Open Data Commons Public Domain Dedication and License,2019-03-06T20:42:30.000,2026-08-19T09:52:47.000,0,Daily,True,Auto - Python,True,False,2432,6485,https://data.cambridgema.gov/d/iect-ma2e
6xy8-cstb,Fresh Pond Reservation Usership,,"pedestrian count,fresh pond,pedestrians,eco-totem,bicycles,bicycle count",Water Department,inferred_from_metadata,Cambridge Water Department,Open Data Commons Public Domain Dedication and License,2024-07-17T15:09:49.000,2025-01-17T18:57:16.000,579,Annually,False,,False,False,1006,309,https://data.cambridgema.gov/d/6xy8-cstb
3tvu-vurw,Funeral and Wake Parking,Transportation,"permit,parking",Transportation,inferred_from_metadata,Traffic & Parking,Open Data Commons Public Domain Dedication and License,2024-10-28T13:09:05.000,2026-08-19T09:57:31.000,0,Daily,True,Auto - Python,True,False,828,269,https://data.cambridgema.gov/d/3tvu-vurw
5cra-jws5,Gas Permits,Inspectional Services,"plumbing,construction,permits",Inspectional Services,inferred_from_metadata,,Open Data Commons Public Domain Dedication and License,2018-11-08T15:55:41.000,2026-08-19T09:52:17.000,0,Daily,True,Auto - Python,True,False,694,1609,https://data.cambridgema.gov/d/5cra-jws5
hk2d-8z9b,Graffiti Clean Up Requests (HISTORICAL),Public Works,"graffiti,department of public works - dpw",Public Works (DPW),inferred_from_metadata,Public Works,Open Data Commons Public Domain Dedication and License,2013-11-26T17:43:10.000,2016-12-16T03:13:23.000,,Historical Data,,,False,False,1434,550,https://data.cambridgema.gov/d/hk2d-8z9b
s26k-kx4t,Historic Districts,Planning,"housing and development,historic districts",Inspectional Services,inferred_from_metadata,Cambridge GIS,Open Data Commons Public Domain Dedication and License,2022-01-27T17:02:39.000,2026-08-19T04:15:48.000,,As Needed,,,False,False,605,262,https://data.cambridgema.gov/d/s26k-kx4t
9vpk-eve9,Historical Landmarks and Easements,General Government,"easements,gis,historical landmarks,housing and development",Inspectional Services,inferred_from_metadata,Cambridge GIS,Open Data Commons Public Domain Dedication and License,2022-01-27T17:02:45.000,2024-07-31T04:10:44.000,,As Needed,,Other/Unknown,False,False,471,264,https://data.cambridgema.gov/d/9vpk-eve9
mhxt-fv5h,Historical National Register Historic Places,General Government,"gis,historic places,housing and development",Inspectional Services,inferred_from_metadata,Cambridge GIS,Open Data Commons Public Domain Dedication and License,2022-01-27T17:02:52.000,2026-08-19T04:18:46.000,,As Needed,,Other/Unknown,False,False,900,354,https://data.cambridgema.gov/d/mhxt-fv5h
mfs6-yu9a,Home Page Featured Story,,,Unassigned/Unknown,missing,,,2014-04-22T22:08:31.000,2017-03-08T13:24:57.000,,,,,False,False,607,403,https://data.cambridgema.gov/d/mfs6-yu9a
4y97-6yxc,Home Page Stories,General Government,open data,Unassigned/Unknown,missing,,,2014-04-22T22:13:40.000,2017-03-08T13:20:52.000,,As Needed,,Manual,False,False,866,484,https://data.cambridgema.gov/d/4y97-6yxc
f8su-kv88,Housing Code Violations,Inspectional Services,"housing and development,violations,housing code,health and safety",Inspectional Services,inferred_from_metadata,Inspectional Services,Open Data Commons Public Domain Dedication and License,2023-05-16T14:15:02.000,2026-08-17T13:41:13.000,2,Weekly,True,Auto - Python,True,False,2895,399,https://data.cambridgema.gov/d/f8su-kv88
y82j-c2bw,Housing Foreclosures 2003 - present,Housing,"foreclosure,residential,planning,housing and development",Community Development,inferred_from_metadata,Cambridge Community Development Department,Open Data Commons Public Domain Dedication and License,2017-06-28T20:12:57.000,2024-04-23T16:25:13.000,848,Annually,False,,False,False,1844,400,https://data.cambridgema.gov/d/y82j-c2bw
9nnq-4isb,Housing Median Sales Prices,Housing,"housing and development,community development department - cdd",Community Development,inferred_from_metadata,"City of Cambridge, MA",,2022-11-07T23:27:25.000,2025-11-12T19:19:42.000,280,Annually,True,,False,False,10823,486,https://data.cambridgema.gov/d/9nnq-4isb
6nxj-uqfe,Housing Permits 1996 - Present,Housing,"permits,housing and development,construction,demolition,residential",Community Development,inferred_from_metadata,Cambridge Community Development Department,Open Data Commons Public Domain Dedication and License,2017-06-29T18:20:12.000,2026-07-09T20:56:29.000,41,Semiannually,True,Manual,False,False,4434,757,https://data.cambridgema.gov/d/6nxj-uqfe
wiba-69ua,Housing Stock and Residential Properties by Neighborhood,Housing,"permits,housing and development,residential",Community Development,inferred_from_metadata,City of Cambridge Community Development Department,Open Data Commons Public Domain Dedication and License,2014-01-16T21:33:32.000,2026-07-28T19:44:02.000,22,Annually,True,Manual,False,False,4156,629,https://data.cambridgema.gov/d/wiba-69ua
b3it-aidj,Hydrants,Water Department,"water,health and safety,glocal,gis,fire department",Inspectional Services,inferred_from_metadata,Cambridge GIS,Open Data Commons Public Domain Dedication and License,2022-01-27T18:18:27.000,2026-08-19T04:21:28.000,,As Needed,,,False,False,597,276,https://data.cambridgema.gov/d/b3it-aidj
xhx7-spt9,Intersections,Transportation,"street intersections,vision zero,map,gis",Transportation,inferred_from_metadata,Cambridge GIS,Open Data Commons Public Domain Dedication and License,2021-06-22T19:20:27.000,2022-06-15T04:00:07.000,,As Needed,,,False,False,609,312,https://data.cambridgema.gov/d/xhx7-spt9
q9w8-8ma4,Labor Force & Resident Annual Unemployment Rate 1974 - present,Economic Development,"labor force,unemployment",Community Development,inferred_from_metadata,"Massachusetts Executive Office of Labor and Workforce Development, compiled by City of Cambridge Community Development Department",Open Data Commons Public Domain Dedication and License,2017-07-07T15:01:17.000,2026-04-27T18:37:53.000,114,Annually,True,,False,False,2835,516,https://data.cambridgema.gov/d/q9w8-8ma4
8acn-zxjt,"Labor Force Commuting Mode Split: 1990, 2000, 2006 - 2010, and 2012 - 2016",Transportation,"transportation,census,commuting",Transportation,inferred_from_metadata,City of Cambridge Community Development Department,Open Data Commons Public Domain Dedication and License,2016-02-11T18:58:48.000,2019-09-17T14:09:58.000,,As Needed,,,False,False,2106,585,https://data.cambridgema.gov/d/8acn-zxjt
wfre-hbsk,Labor Force Demographic Characteristics by Commuting Mode Split: 2012 - 2016,Transportation,"annual household income,commuting,transportation,labor force,demographics",Transportation,inferred_from_metadata,City of Cambridge Community Development,Open Data Commons Public Domain Dedication and License,2016-02-11T19:18:38.000,2019-09-17T15:34:52.000,,As Needed,,,False,False,2090,511,https://data.cambridgema.gov/d/wfre-hbsk
dnyu-v8e9,Land Use Data 2026,Planning,"housing and development,planning,land use",Community Development,inferred_from_metadata,Cambridge Community Development Department,Open Data Commons Public Domain Dedication and License,2015-09-23T14:00:34.000,2026-07-28T18:41:17.000,22,Semiannually,True,Manual,False,False,5474,836,https://data.cambridgema.gov/d/dnyu-v8e9
fzy8-hiv9,LANDMARK_MunicipalBuildings,General Government,"municipal buildings,map",Public Works (DPW),inferred_from_metadata,City of Cambridge GIS,,2014-05-23T14:17:53.000,2014-05-23T14:17:53.000,,As Needed,,,False,False,382,273,https://data.cambridgema.gov/d/fzy8-hiv9
yrt7-q34w,LANDMARK_YouthCenters,General Government,"gis,youth center",Inspectional Services,inferred_from_metadata,City of Cambridge GIS,,2013-11-26T21:33:44.000,2020-10-07T17:28:11.000,,As Needed,,,False,False,323,266,https://data.cambridgema.gov/d/yrt7-q34w
fv53-bvhy,Life Sciences and Technology Company Listing,Economic Development,"life sciences,sustainability,economic development",Community Development,inferred_from_metadata,City of Cambridge Community Development Department,Open Data Commons Public Domain Dedication and License,2014-08-07T18:08:11.000,2025-12-11T21:34:39.000,251,Annually,True,,False,False,13670,5790,https://data.cambridgema.gov/d/fv53-bvhy
swtw-j5xy,March 2016 Primary Election,General Government,"elections,government and finance",Finance,inferred_from_metadata,City of Cambridge Election Commission,Open Data Commons Public Domain Dedication and License,2016-04-29T14:04:16.000,2016-05-09T23:32:42.000,,Historical Data,,,False,False,848,401,https://data.cambridgema.gov/d/swtw-j5xy
vup6-kpwv,Master Addresses List,General Government,"address,buildings,gis",Inspectional Services,inferred_from_metadata,City of Cambridge GIS Department,Open Data Commons Public Domain Dedication and License,2018-06-25T19:52:49.000,2026-08-17T11:30:55.000,2,Weekly,True,Auto - R,True,False,3812,652,https://data.cambridgema.gov/d/vup6-kpwv
7g3f-rtpe,Master Intersections List,General Government,"gis,transportation,street intersections,coordinates",Transportation,inferred_from_metadata,City of Cambridge GIS group,Open Data Commons Public Domain Dedication and License,2019-03-29T00:13:21.000,2026-08-17T11:30:55.000,2,Monthly,True,Auto - R,True,False,1042,394,https://data.cambridgema.gov/d/7g3f-rtpe
4rb4-q8tj,Mechanical Permits,Inspectional Services,"housing and development,hvac,glocal,electricity,permits,air conditioning,plumbing",Inspectional Services,inferred_from_metadata,City of Cambridge Inspectional Services Department,Open Data Commons Public Domain Dedication and License,2018-10-18T18:41:50.000,2026-08-19T09:52:48.000,0,Daily,True,Auto - Python,True,False,2224,781,https://data.cambridgema.gov/d/4rb4-q8tj
n9xk-8wft,Median Residential Rents 2010 - Present,Housing,"rent,housing and development",Community Development,inferred_from_metadata,Collected from various sources by the Cambridge Community Development Department,,2021-05-24T21:43:51.000,2025-12-12T16:17:33.000,250,Annually,True,,False,False,9181,1262,https://data.cambridgema.gov/d/n9xk-8wft
4hgq-4f2b,Medical Events,Public Safety,"computer-aided dispatch - cad,police,ambulance,health and safety,fire department",Police Department,inferred_from_metadata,Cambridge Emergency Communications Department,Open Data Commons Public Domain Dedication and License,2016-06-15T19:57:57.000,2026-08-17T18:15:59.000,2,Monthly,True,Auto - R,True,False,2870,702,https://data.cambridgema.gov/d/4hgq-4f2b
qn5n-giyy,Memorial Poles,Public Works,"gis,map",Public Works (DPW),inferred_from_metadata,Cambridge GIS,Open Data Commons Public Domain Dedication and License,2023-04-11T14:57:11.000,2026-08-01T18:13:33.000,,As Needed,,,False,False,466,315,https://data.cambridgema.gov/d/qn5n-giyy
kvrt-t8v3,Metered Parking Spaces,Transportation,"parking,parking meter",Transportation,inferred_from_metadata,Cambridge GIS,,2022-01-27T17:03:01.000,2026-07-01T04:16:32.000,,As Needed,,,False,False,600,296,https://data.cambridgema.gov/d/kvrt-t8v3
7zcp-kyfg,MioVision Daily Pedestrian Counts,Transportation,"pedestrians,transportation",Transportation,inferred_from_metadata,,Open Data Commons Public Domain Dedication and License,2022-03-17T19:25:16.000,2026-08-10T11:41:22.000,9,Weekly,True,Auto - R,True,False,187,64,https://data.cambridgema.gov/d/7zcp-kyfg
jwtp-n65u,Miovision Traffic Volume Data (All),Transportation,"street lights,bicycle count,traffic counts,street intersections,streets",Transportation,inferred_from_metadata,Miovision,Open Data Commons Public Domain Dedication and License,2020-06-30T11:34:19.000,2026-08-17T11:41:47.000,2,Weekly,True,Auto - R,True,False,2189,463,https://data.cambridgema.gov/d/jwtp-n65u
qweb-m8r8,Mobile Food Truck Permits,Inspectional Services,"health and safety,restaurants,permits",Inspectional Services,inferred_from_metadata,,Open Data Commons Public Domain Dedication and License,2019-02-27T16:10:47.000,2026-08-19T09:51:41.000,0,Weekly,True,Auto - Python,True,False,1484,595,https://data.cambridgema.gov/d/qweb-m8r8
sh6q-n4sj,Monthly Municipal Compost,Public Works,"compost,trash,department of public works - dpw",Public Works (DPW),inferred_from_metadata,,Open Data Commons Public Domain Dedication and License,2025-01-08T17:17:02.000,2026-01-20T18:49:42.000,211,Annually,True,Manual,False,False,495,73,https://data.cambridgema.gov/d/sh6q-n4sj
a249-j2dd,Monthly Municipal Waste,Public Works,"department of public works - dpw,recycling",Public Works (DPW),inferred_from_metadata,DPW,Open Data Commons Public Domain Dedication and License,2024-05-10T17:38:07.000,2026-03-16T17:31:29.000,156,Annually,True,Manual,False,False,1205,283,https://data.cambridgema.gov/d/a249-j2dd
k28p-e9kd,Moving Container or Crate parking permit,Transportation,"parking,permit",Transportation,inferred_from_metadata,Traffic & Parking,Open Data Commons Public Domain Dedication and License,2024-10-28T13:36:53.000,2026-08-19T09:57:46.000,0,Daily,True,Auto - Python,True,False,649,243,https://data.cambridgema.gov/d/k28p-e9kd
sr5i-tmfb,Moving Van Permits,Transportation,"parking,permits,streets",Transportation,inferred_from_metadata,Traffic & Parking,Open Data Commons Public Domain Dedication and License,2024-10-08T13:47:48.000,2026-08-19T09:58:23.000,0,Weekly,True,Auto - Python,True,False,1380,304,https://data.cambridgema.gov/d/sr5i-tmfb
ayt4-g2ye,Municipal Wastewater COVID19 Sampling Data 10/1/2020-6/30/2022,Public Health,"health and safety,covid-19,wastewater",Public Works (DPW),inferred_from_metadata,Cambridge Public Health Department,Open Data Commons Public Domain Dedication and License,2021-02-12T01:37:42.000,2022-07-07T20:00:44.000,,Historical Data,,,False,False,3048,486,https://data.cambridgema.gov/d/ayt4-g2ye
njvn-npey,Neighborhood Conservation Districts,Planning,"neighborhoods,gis,housing and development",Inspectional Services,inferred_from_metadata,Cambridge GIS,Open Data Commons Public Domain Dedication and License,2022-01-27T17:26:05.000,2026-08-19T04:19:35.000,,As Needed,,,False,False,658,326,https://data.cambridgema.gov/d/njvn-npey
qyv9-s3hq,Non-Profit Corporations,Economic Development,"non-profit,economic development,non-governmental organization - ngo",Unassigned/Unknown,missing,Internal Revenue Service,,2017-10-30T20:45:20.000,2026-08-04T18:50:33.000,15,Annually,True,,False,False,4427,8190,https://data.cambridgema.gov/d/qyv9-s3hq
998e-s3xs,OBSOLETE - City Owned Publicly Available EV Charging Stations Usage,Energy and the Environment,"charging station,electric vehicles,ev",Transportation,inferred_from_metadata,"City of Cambridge, MA",,2023-08-14T17:40:33.000,2023-08-31T13:10:19.000,,Historical Data,,,False,False,567,320,https://data.cambridgema.gov/d/998e-s3xs
9q33-qjp4,Open and Closed Businesses During Covid-19 Pandemic 7/1/2021,Economic Development,"business,restaurants,health and safety,covid-19",Historical Commission,inferred_from_metadata,,Open Data Commons Public Domain Dedication and License,2020-05-19T19:13:06.000,2021-07-04T20:00:08.000,,Historical Data,,,False,False,2015,945,https://data.cambridgema.gov/d/9q33-qjp4
88i7-ga9f,Open Space,Planning,"open space,parks,glocal,gis,housing and development,community development department - cdd",Community Development,inferred_from_metadata,Cambridge GIS,,2021-07-01T18:49:17.000,2024-11-27T05:09:29.000,,As Needed,,,False,False,911,296,https://data.cambridgema.gov/d/88i7-ga9f
6jp5-n8h2,Opioid Overdose Incidents (EMS): Annual Citywide Summary by Category,Public Health,"ems,health and safety,naloxone,opioids,overdose,public health",Public Health,inferred_from_metadata,Cambridge Public Health Department,Open Data Commons Public Domain Dedication and License,2026-03-23T20:51:22.000,2026-07-15T17:39:23.000,35,Annually,True,Other/Unknown,False,False,124,35,https://data.cambridgema.gov/d/6jp5-n8h2
32dg-u9f8,Opioid Overdose Incidents (EMS): Annual Summary by Neighborhood,Public Health,"opioids,neighborhoods,naloxone,health and safety,public health,ems,overdose",Public Health,inferred_from_metadata,Cambridge Public Health Department,Open Data Commons Public Domain Dedication and License,2026-04-16T23:08:33.000,2026-07-15T17:39:38.000,35,Annually,True,Other/Unknown,False,False,107,9,https://data.cambridgema.gov/d/32dg-u9f8
rdsg-px3t,Opioid Overdose Incidents (EMS): Monthly Citywide Summary,Public Health,"opioids,health and safety,ems,overdose,public health,naloxone",Public Health,inferred_from_metadata,Cambridge Public Health Department,Open Data Commons Public Domain Dedication and License,2026-03-23T20:50:37.000,2026-07-15T17:39:07.000,35,Monthly,True,Other/Unknown,False,False,100,14,https://data.cambridgema.gov/d/rdsg-px3t
wa95-5fg7,Other Street Occupancy Permits,Transportation,"parking,permit,street",Transportation,inferred_from_metadata,Traffic & Parking,Open Data Commons Public Domain Dedication and License,2024-10-08T14:21:03.000,2026-08-19T09:58:16.000,0,Weekly,True,Auto - Python,True,False,989,271,https://data.cambridgema.gov/d/wa95-5fg7
qzsr-xrig,Outdoor Dining 6/30/2021 - 7/7/2021,Licensing,"health and safety,restaurants,permits",License Commission,inferred_from_metadata,City of Cambridge License Commission,Open Data Commons Public Domain Dedication and License,2021-06-30T20:08:05.000,2021-07-07T15:51:37.000,,Historical Data,,,False,False,751,2179,https://data.cambridgema.gov/d/qzsr-xrig
kthd-bkpb,Outstanding Employee Awards,General Government,"employees,awards",Police Department,inferred_from_metadata,City Managers Office,Open Data Commons Public Domain Dedication and License,2025-04-03T19:14:57.000,2026-05-26T20:40:05.000,85,Annually,True,Manual,False,False,308,160,https://data.cambridgema.gov/d/kthd-bkpb
biib-2bsi,Owner Mailing Addresses and Parcel Location Addresses,Assessing,"housing and development,transportation,address",Transportation,inferred_from_metadata,City of Cambridge Assessing,,2014-10-09T15:30:04.000,2014-10-09T15:32:00.000,,Historical Data,,,False,False,3314,764,https://data.cambridgema.gov/d/biib-2bsi
mg2u-982u,"Park Permit Details, Past Events",Public Works,"permits,department of public works - dpw,parks",Public Works (DPW),inferred_from_metadata,dpw,Open Data Commons Public Domain Dedication and License,2024-01-10T16:35:28.000,2026-08-19T09:40:19.000,0,Weekly,True,Auto - R,True,False,773,275,https://data.cambridgema.gov/d/mg2u-982u
wsde-3xia,"Park Permits, Future Events",Public Works,"department of public works - dpw,permits,parks",Public Works (DPW),inferred_from_metadata,dpw,Open Data Commons Public Domain Dedication and License,2024-02-07T17:54:27.000,2026-08-19T09:41:30.000,0,Daily,True,Auto - R,True,False,808,241,https://data.cambridgema.gov/d/wsde-3xia
uhwd-9y6q,Participatory Budgeting Final Ballot Projects,Budget/Finance,"participatory budgeting - pb,government and finance,budget",Budget,inferred_from_metadata,City of Cambridge Budget Dept.,Open Data Commons Public Domain Dedication and License,2015-10-20T16:54:42.000,2025-10-02T10:33:25.000,321,Annually,True,,False,False,2095,567,https://data.cambridgema.gov/d/uhwd-9y6q
54vd-wdqj,Participatory Budgeting Ideas Submitted by Community Members,Budget/Finance,"participatory budgeting - pb,budget,government and finance",Budget,inferred_from_metadata,City of Cambridge Budget Department,Open Data Commons Public Domain Dedication and License,2016-12-13T21:45:06.000,2026-06-29T17:29:04.000,51,Annually,True,,False,False,3243,47533,https://data.cambridgema.gov/d/54vd-wdqj
fmbp-nphb,"Permanent Labor Certification (PERM) and Labor Condition Application (LCA) Programs (H-1B, H-1B1, E-3) Applications",Economic Development,"visa,labor force",Unassigned/Unknown,missing,United States Department of Labor Office of Foreign Labor Certification,Open Data Commons Public Domain Dedication and License,2018-10-17T16:26:00.000,2026-02-23T20:07:08.000,177,Annually,True,,False,False,4585,497,https://data.cambridgema.gov/d/fmbp-nphb
ejhd-uvcf,Playgrounds,Public Works,"playgrounds,open space,housing and development,gis,planning",Public Works (DPW),inferred_from_metadata,Cambridge GIS,Open Data Commons Public Domain Dedication and License,2022-01-27T18:18:42.000,2026-08-19T04:13:23.000,,As Needed,,,False,False,542,288,https://data.cambridgema.gov/d/ejhd-uvcf
8793-tet2,Plumbing Permits,Inspectional Services,"housing and development,permits,plumbing",Inspectional Services,inferred_from_metadata,Inspectional Services,Open Data Commons Public Domain Dedication and License,2018-10-18T12:43:02.000,2026-08-19T09:53:46.000,0,Daily,True,Auto - Python,True,False,1164,1932,https://data.cambridgema.gov/d/8793-tet2
gmq6-8ver,Police Citations,Public Safety,"transportation,violations,vision zero,health and safety,police",Transportation,inferred_from_metadata,Cambridge Police Department,Open Data Commons Public Domain Dedication and License,2015-01-09T13:08:37.000,2026-08-17T18:13:23.000,2,Monthly,True,Auto - R,True,False,6760,1535,https://data.cambridgema.gov/d/gmq6-8ver
ybny-g9cv,Police Department Crash Data - Historical,Public Safety,"vision zero,pedestrians,motor vehicles,health and safety,crash,bicycles,accidents,police",Police Department,inferred_from_metadata,Cambridge police Deprtment,Open Data Commons Public Domain Dedication and License,2014-09-15T15:17:02.000,2025-11-05T16:10:45.000,,Historical Data,,,False,False,17129,4019,https://data.cambridgema.gov/d/ybny-g9cv
gb5w-yva3,Police Department Crash Data - Updated,Public Safety,"accidents,crash,health and safety,motor vehicles,transportation,vision zero",Transportation,inferred_from_metadata,City of Cambridge Public Safety,Open Data Commons Public Domain Dedication and License,2016-10-25T13:22:54.000,2026-08-17T18:17:52.000,2,Quarterly,True,Auto - R,True,False,24355,2308,https://data.cambridgema.gov/d/gb5w-yva3
h2y4-rf5c,Pothole Repair Requests (HISTORICAL),Public Works,"potholes,health and safety,transportation",Public Works (DPW),inferred_from_metadata,Public Works,Open Data Commons Public Domain Dedication and License,2014-05-23T02:39:17.000,2017-03-07T02:18:58.000,,Historical Data,,,False,False,3180,719,https://data.cambridgema.gov/d/h2y4-rf5c
taa9-avfg,Public Art Conservation and Maintenance Program,General Government,"art,public art",Cambridge Arts,inferred_from_metadata,Cambridge Arts Council,Open Data Commons Public Domain Dedication and License,2025-08-05T19:54:14.000,2026-08-17T11:30:18.000,2,Weekly,True,Auto - R,True,False,450,22,https://data.cambridgema.gov/d/taa9-avfg
4f7v-hjxa,Public Art Master Sheet,General Government,"public art,art",Unassigned/Unknown,missing,,Open Data Commons Public Domain Dedication and License,2025-08-05T20:10:10.000,2026-08-17T11:30:16.000,2,Weekly,True,Auto - R,True,False,535,37,https://data.cambridgema.gov/d/4f7v-hjxa
a68d-rnzz,Public Art: Sidewalk Poetry,General Government,"public art,map,art",Public Works (DPW),inferred_from_metadata,Cambridge Arts Council,Open Data Commons Public Domain Dedication and License,2025-08-05T19:46:13.000,2026-08-17T11:30:21.000,2,Weekly,True,Auto - R,True,False,459,25,https://data.cambridgema.gov/d/a68d-rnzz
qnnj-cx7g,Public Footpaths,Planning,"pedestrians,vision zero,transportation",Transportation,inferred_from_metadata,Cambridge GIS,Open Data Commons Public Domain Dedication and License,2022-01-27T17:26:07.000,2026-08-19T04:18:56.000,,As Needed,,,False,False,770,292,https://data.cambridgema.gov/d/qnnj-cx7g
q5yt-bvvn,Public Handicap Parking Spaces,Transportation,"parking,disabled,accessible,vision zero",Transportation,inferred_from_metadata,"City of Cambridge, MA GIS",Open Data Commons Public Domain Dedication and License,2024-04-17T16:08:48.000,2026-08-19T04:08:46.000,,As Needed,,,False,False,703,246,https://data.cambridgema.gov/d/q5yt-bvvn
vkjy-igvt,Public Schools Language Spoken at Home,Planning,"equity,language,cambridge public schools - cps",Community Development,inferred_from_metadata,Cambridge Community Development Department,Open Data Commons Public Domain Dedication and License,2017-07-07T17:00:21.000,2026-05-11T16:27:52.000,100,Annually,True,,False,False,5316,517,https://data.cambridgema.gov/d/vkjy-igvt
8byj-fcf3,PUBLICSAFETY_FireEngineDistricts,Public Safety,fire department,Police Department,inferred_from_metadata,City of Cambridge,Open Data Commons Public Domain Dedication and License,2015-04-06T19:03:19.000,2020-02-04T14:35:16.000,,As Needed,,,False,False,341,254,https://data.cambridgema.gov/d/8byj-fcf3
34x4-d6nv,PUBLICSAFETY_FireLadderDistricts,Public Safety,fire department,Police Department,inferred_from_metadata,City of Cambridge,Open Data Commons Public Domain Dedication and License,2015-04-06T19:05:55.000,2020-02-04T14:35:19.000,,As Needed,,,False,False,302,269,https://data.cambridgema.gov/d/34x4-d6nv
gacg-xmqx,PUBLICSAFETY_FireRescueDistricts,Public Safety,fire department,Police Department,inferred_from_metadata,City of Cambridge,,2015-04-06T19:07:19.000,2020-02-04T14:37:31.000,,As Needed,,,False,False,330,247,https://data.cambridgema.gov/d/gacg-xmqx
fyim-472d,PUBLICSAFETY_FireStations,Public Safety,fire department,Inspectional Services,inferred_from_metadata,City of Cambridge GIS,Open Data Commons Public Domain Dedication and License,2014-05-23T14:26:43.000,2014-05-23T14:26:43.000,,As Needed,,,False,False,346,239,https://data.cambridgema.gov/d/fyim-472d
b263-9gxd,PUBLICSAFETY_PoliceBusinessRegions,Public Safety,police,Police Department,inferred_from_metadata,City Of Cambridge,Open Data Commons Public Domain Dedication and License,2015-05-07T15:11:56.000,2015-05-07T15:11:56.000,,As Needed,,,False,False,288,248,https://data.cambridgema.gov/d/b263-9gxd
svjm-6war,PUBLICSAFETY_PoliceCarRoutes,Public Safety,"police,public safety",Police Department,inferred_from_metadata,City of Cambridge,Open Data Commons Public Domain Dedication and License,2015-04-06T19:10:04.000,2015-04-06T19:10:04.000,,As Needed,,,False,False,289,228,https://data.cambridgema.gov/d/svjm-6war
vmh4-fu8c,PUBLICSAFETY_PoliceResponseDistricts,Public Safety,police,Police Department,inferred_from_metadata,City of Cambridge,Open Data Commons Public Domain Dedication and License,2015-04-06T19:14:30.000,2015-04-06T19:14:30.000,,As Needed,,,False,False,384,229,https://data.cambridgema.gov/d/vmh4-fu8c
pswe-83qj,PUBLICSAFETY_PoliceSectors,Public Safety,police,Police Department,inferred_from_metadata,City of Cambridge,Open Data Commons Public Domain Dedication and License,2015-04-06T19:14:32.000,2015-04-06T19:14:32.000,,As Needed,,,False,False,350,227,https://data.cambridgema.gov/d/pswe-83qj
9bjt-uvda,PUBLICSAFETY_PoliceStation,Public Safety,police,Police Department,inferred_from_metadata,City of Cambridge,Open Data Commons Public Domain Dedication and License,2015-04-06T19:14:07.000,2015-04-06T19:14:07.000,,As Needed,,,False,False,290,248,https://data.cambridgema.gov/d/9bjt-uvda
aaqv-qhr2,PUBLICSAFETY_PoliceWalkingRoutes,Public Safety,police,Police Department,inferred_from_metadata,City Of Cambridge,Open Data Commons Public Domain Dedication and License,2015-05-07T15:11:26.000,2015-05-07T15:11:26.000,,As Needed,,,False,False,287,242,https://data.cambridgema.gov/d/aaqv-qhr2
khuw-r9f4,Resident and Visitor Parking Permits,Transportation,"motor vehicles,parking,permits",Transportation,inferred_from_metadata,City of Cambridge Traffic and Parking Department,Open Data Commons Public Domain Dedication and License,2018-05-03T16:08:57.000,2026-08-07T15:46:14.000,12,Annually,True,Manual,False,True,4409,993,https://data.cambridgema.gov/d/khuw-r9f4
4wd7-ic9p,"Resident Workforce Commuting Mode Split by Place of Residence: 1990, 2000, 2006 - 2010 and 2012 - 2016",Transportation,"census,transportation,commuting",Transportation,inferred_from_metadata,City of Cambridge Community Development Department,Open Data Commons Public Domain Dedication and License,2016-02-22T21:33:06.000,2021-03-09T22:09:50.000,,As Needed,,,False,False,1961,568,https://data.cambridgema.gov/d/4wd7-ic9p
itk2-u4aa,Resident Workforce Demographic Characteristics by Commuting Mode Split : 2012 - 2016 (Historical),Transportation,"labor force,transportation,annual household income,commuting,demographics",Transportation,inferred_from_metadata,City of Cambridge Community Development,Open Data Commons Public Domain Dedication and License,2016-02-11T19:40:47.000,2019-09-17T15:34:33.000,,As Needed,,,False,False,1725,501,https://data.cambridgema.gov/d/itk2-u4aa
xiwh-f97k,Residential Data Report FY2015,Assessing,"assessing,housing and development,residential,transportation",Transportation,inferred_from_metadata,City of Cambridge Assessing Department,,2014-10-14T13:44:54.000,2021-04-06T16:29:27.000,,Historical Data,,,False,False,3707,3667,https://data.cambridgema.gov/d/xiwh-f97k
kwuj-dram,Residential Data Report FY2016 (Historical),Assessing,"residential,assessing,housing and development",Assessing,inferred_from_metadata,City of Cambridge Assessing Department,,2015-11-04T20:28:28.000,2016-12-16T03:08:17.000,,Historical Data,,,False,False,1498,2096,https://data.cambridgema.gov/d/kwuj-dram
exmr-dxma,Retail Vacant Storefronts - Current Vacancies,Economic Development,"economic development,business,housing and development,vacancy",Community Development,inferred_from_metadata,Community Development Department,Open Data Commons Public Domain Dedication and License,2019-05-23T14:06:39.000,2026-05-19T19:36:03.000,92,Semiannually,True,,False,False,11857,1770,https://data.cambridgema.gov/d/exmr-dxma
swpv-8j3w,Retail Vacant Storefronts - Historical Vacancies,Economic Development,"vacancy,housing and development,economic development,business",Community Development,inferred_from_metadata,Community Development Department,Open Data Commons Public Domain Dedication and License,2025-10-06T18:48:23.000,2026-05-19T14:51:23.000,92,Semiannually,True,,False,False,758,27,https://data.cambridgema.gov/d/swpv-8j3w
79ih-g44d,Roof - Building Permit,Inspectional Services,"construction,permits",Inspectional Services,inferred_from_metadata,,Open Data Commons Public Domain Dedication and License,2018-11-06T15:17:09.000,2026-08-19T09:54:03.000,0,Daily,True,Auto - Python,True,False,2391,8336,https://data.cambridgema.gov/d/79ih-g44d
cxep-vege,Salt Barrels,Public Works,salt,Public Works (DPW),inferred_from_metadata,Public Works,Open Data Commons Public Domain Dedication and License,2014-05-27T18:16:21.000,2026-08-19T04:08:54.000,,As Needed,,,False,False,604,276,https://data.cambridgema.gov/d/cxep-vege
ryb9-qzmw,Sanitary Inspections,Inspectional Services,"restaurants,health and safety",Inspectional Services,inferred_from_metadata,City of Cambridge Inspectional Services Department,Open Data Commons Public Domain Dedication and License,2023-06-02T15:47:22.000,2026-08-17T13:41:52.000,2,Weekly,True,Auto - Python,True,False,3293,533,https://data.cambridgema.gov/d/ryb9-qzmw
cmy2-saf4,Sheet Metal Permits,Inspectional Services,"construction,permits,hvac",Inspectional Services,inferred_from_metadata,,Open Data Commons Public Domain Dedication and License,2018-11-15T21:22:19.000,2026-08-19T09:54:22.000,0,Daily,True,Auto - Python,True,False,1498,533,https://data.cambridgema.gov/d/cmy2-saf4
wxgv-w968,Short Term Rentals,Inspectional Services,"housing and development,airbnb,tourism,short-term rental",Inspectional Services,inferred_from_metadata,City of Cambridge Inspectional Services Department,Open Data Commons Public Domain Dedication and License,2018-04-04T13:36:17.000,2026-08-19T09:54:41.000,0,Daily,True,Auto - Python,True,False,18318,4086,https://data.cambridgema.gov/d/wxgv-w968
vydm-qk5p,Sidewalk Obstruction Permits,Public Works,"sidewalks,permits",Public Works (DPW),inferred_from_metadata,Public Works,Open Data Commons Public Domain Dedication and License,2014-04-17T02:32:42.000,2026-08-19T09:42:52.000,0,Weekly,True,Auto - Python,True,False,927,353,https://data.cambridgema.gov/d/vydm-qk5p
f245-t77a,Sidewalks,Planning,"gis,map,sidewalks",Inspectional Services,inferred_from_metadata,Cambridge GIS,Open Data Commons Public Domain Dedication and License,2023-04-11T14:09:17.000,2026-08-19T04:14:19.000,,As Needed,,,False,False,862,239,https://data.cambridgema.gov/d/f245-t77a
ddej-349p,Siding - Building Permit,Inspectional Services,"permits,construction",Inspectional Services,inferred_from_metadata,,Open Data Commons Public Domain Dedication and License,2018-11-06T15:56:08.000,2026-08-19T09:54:54.000,0,Daily,True,Auto - Python,True,False,2102,675,https://data.cambridgema.gov/d/ddej-349p
du4x-rm75,Sign Permits,Inspectional Services,"business,housing and development,permits,sidewalks,zoning,economic development",Inspectional Services,inferred_from_metadata,Inspectional Services Department,Open Data Commons Public Domain Dedication and License,2018-10-11T13:39:59.000,2026-08-19T09:55:08.000,0,Daily,True,Auto - Python,True,False,1451,4953,https://data.cambridgema.gov/d/du4x-rm75
78bs-b5ig,Smart Rat Boxes,Public Works,"rats,311",Public Works (DPW),inferred_from_metadata,Modern Pest Services,,2023-04-04T15:31:27.000,2026-08-17T12:52:39.000,2,Weekly,True,Manual,False,False,2373,388,https://data.cambridgema.gov/d/78bs-b5ig
r6b9-cun5,"SNAP, TAFDC and EAEDC Participation by Cambridge Zip Code 2017 - present",Planning,"department of transitional assistance - dta,health and safety,emergency aid to the elderly disabled and children - eaedc,disabled",Unassigned/Unknown,missing,,Open Data Commons Public Domain Dedication and License,2018-09-11T12:58:56.000,2026-07-31T15:04:46.000,19,Quarterly,True,,False,False,2896,487,https://data.cambridgema.gov/d/r6b9-cun5
6qf3-rbkf,Snow and Ice Code Cases,Public Works,"sidewalks,citations,snow and ice",Public Works (DPW),inferred_from_metadata,Public Works,Open Data Commons Public Domain Dedication and License,2019-12-12T22:02:47.000,2026-08-17T13:49:23.000,2,Monthly,True,Auto - R,True,False,160,35,https://data.cambridgema.gov/d/6qf3-rbkf
h5fm-iiiy,Snow Emergency Tow Routes,Transportation,"health and safety,gis,vision zero,glocal,snow and ice,map",Public Works (DPW),inferred_from_metadata,Cambridge GIS,Open Data Commons Public Domain Dedication and License,2021-07-22T18:18:03.000,2026-08-19T04:19:35.000,,As Needed,,,False,False,689,278,https://data.cambridgema.gov/d/h5fm-iiiy
q8b2-58ab,Snow/Ice Sidewalk Ordinance Violations (HISTORICAL),Public Works,"snow and ice,glocal,health and safety,violations,vision zero",Public Works (DPW),inferred_from_metadata,Public Works,Open Data Commons Public Domain Dedication and License,2013-11-26T00:41:32.000,2019-05-16T23:59:09.000,,Historical Data,,,False,False,2837,667,https://data.cambridgema.gov/d/q8b2-58ab
whpw-w55x,Solar Installation Permits,Inspectional Services,"solar,permits,energy,electricity,construction,sustainability",Inspectional Services,inferred_from_metadata,,Open Data Commons Public Domain Dedication and License,2018-11-15T15:43:43.000,2026-08-19T09:55:27.000,0,Daily,True,Auto - Python,True,False,3697,1249,https://data.cambridgema.gov/d/whpw-w55x
5a85-fb2s,Solar Installations,Energy and the Environment,"energy,solar,sustainability,community development department - cdd,environment",Community Development,inferred_from_metadata,Cambridge Community Development Department,Open Data Commons Public Domain Dedication and License,2023-09-20T18:04:07.000,2026-05-07T18:06:20.000,104,Quarterly,True,Manual,False,False,677,753,https://data.cambridgema.gov/d/5a85-fb2s
4ixn-jz5x,Special Event Parking Permits,Transportation,"streets,parking,event,permit",Transportation,inferred_from_metadata,Traffic & Parking,Open Data Commons Public Domain Dedication and License,2024-10-28T14:06:13.000,2026-08-19T09:59:05.000,0,Daily,True,Auto - Python,True,False,908,279,https://data.cambridgema.gov/d/4ixn-jz5x
c552-ny5k,Sprinkler and Standpipe Permits,Inspectional Services,"water,health and safety,permits,construction,fire department",Inspectional Services,inferred_from_metadata,City of Cambridge Inspectional Services Department,Open Data Commons Public Domain Dedication and License,2018-08-23T15:21:33.000,2026-08-19T09:55:46.000,0,Daily,True,Auto - Python,True,False,866,287,https://data.cambridgema.gov/d/c552-ny5k
t4av-baey,"State and Presidential Elections - November 6, 2012",General Government,"government and finance,elections",Finance,inferred_from_metadata,Cambridge Election Commission,,2014-11-26T19:57:30.000,2014-11-26T20:43:47.000,,Historical Data,,,False,False,895,443,https://data.cambridgema.gov/d/t4av-baey
rh2v-p4tg,Stormwater Permits,Public Works,"permits,snow and ice",Public Works (DPW),inferred_from_metadata,Public Works,,2019-11-21T16:27:11.000,2026-08-19T09:43:07.000,0,Weekly,True,Auto - Python,True,False,242,34,https://data.cambridgema.gov/d/rh2v-p4tg
3d3q-sfd6,Street Centerline,Transportation,"gis,transportation,vision zero,map",Transportation,inferred_from_metadata,Cambridge GIS,Open Data Commons Public Domain Dedication and License,2021-07-22T18:23:04.000,2024-12-09T16:25:08.000,,As Needed,,Other/Unknown,False,False,610,310,https://data.cambridgema.gov/d/3d3q-sfd6
qd7s-qntb,Street Sweeping Districts,Public Works,"map,street sweeping,streets,gis,department of public works - dpw",Public Works (DPW),inferred_from_metadata,Cambridge GIS,Open Data Commons Public Domain Dedication and License,2023-04-11T14:37:01.000,2023-04-11T14:41:27.000,,As Needed,,,False,False,579,257,https://data.cambridgema.gov/d/qd7s-qntb
82zb-7qc9,Street Trees,Public Works,"trees,gis,glocal,sustainability,department of public works - dpw",Public Works (DPW),inferred_from_metadata,Cambridge GIS,Open Data Commons Public Domain Dedication and License,2021-06-10T20:32:34.000,2026-08-19T04:20:24.000,,As Needed,,,False,False,1681,541,https://data.cambridgema.gov/d/82zb-7qc9
agj6-qs4q,Swimming Pool Permits,Inspectional Services,"glocal,health and safety,permits,sustainability",Inspectional Services,inferred_from_metadata,,Open Data Commons Public Domain Dedication and License,2019-03-06T21:08:59.000,2026-08-19T09:56:01.000,0,Daily,True,Auto - Python,True,False,2347,576,https://data.cambridgema.gov/d/agj6-qs4q
pijs-whfb,Taxi Cab Stands,Licensing,"transportation,taxi cab",Transportation,inferred_from_metadata,Cambridge GIS,,2021-07-22T18:27:52.000,2026-08-19T04:15:55.000,,As Needed,,,False,False,669,288,https://data.cambridgema.gov/d/pijs-whfb
ix2w-bkix,Temporary Food Service Permits,Inspectional Services,"temporary permits,catering,health and safety,permits",Inspectional Services,inferred_from_metadata,,Open Data Commons Public Domain Dedication and License,2019-03-06T21:39:21.000,2026-08-19T09:56:33.000,0,Daily,True,Auto - Python,True,False,1270,21164,https://data.cambridgema.gov/d/ix2w-bkix
4bmb-xuad,Tent - Building Permits,Inspectional Services,permits,Inspectional Services,inferred_from_metadata,,Open Data Commons Public Domain Dedication and License,2018-11-05T15:21:03.000,2026-08-19T09:56:38.000,0,Daily,True,Auto - Python,True,False,2374,645,https://data.cambridgema.gov/d/4bmb-xuad
udzu-gad5,TEST - Mock Library Checkouts by Title (Seattle-derived),,"seattle derived,test dataset,internal review,cambridge public library,confidentiality protected",Library,inferred_from_metadata,Cambridge Public Library / Cambridge Open Data,,2026-04-22T18:06:08.000,2026-04-22T18:16:44.000,,As Needed,,Auto - Python,True,False,106,44,https://data.cambridgema.gov/d/udzu-gad5
ryaf-48sr,Tobacco Licenses without Food Service,Inspectional Services,"permits,tobacco",Inspectional Services,inferred_from_metadata,,Open Data Commons Public Domain Dedication and License,2019-02-27T19:13:38.000,2026-08-19T09:56:47.000,0,Daily,True,Auto - Python,True,False,1281,449,https://data.cambridgema.gov/d/ryaf-48sr
a5s6-4529,Tool Truck Parking Permits,Transportation,"parking,streets,permit",Transportation,inferred_from_metadata,Traffic & Parking,Open Data Commons Public Domain Dedication and License,2024-10-28T14:20:52.000,2026-08-19T09:59:21.000,0,Daily,True,Auto - Python,True,False,743,252,https://data.cambridgema.gov/d/a5s6-4529
77wt-9zvn,Top 25 Employers: 1995 - present,Economic Development,"labor force,business",Community Development,inferred_from_metadata,City of Cambridge Community Development Department,Open Data Commons Public Domain Dedication and License,2015-04-10T18:24:12.000,2025-12-10T20:13:10.000,252,Annually,True,Manual,False,False,6350,862,https://data.cambridgema.gov/d/77wt-9zvn
aa6j-h24p,Tow Log,Public Safety,"transportation,motor vehicles,parking",Transportation,inferred_from_metadata,Emergency Communications,Open Data Commons Public Domain Dedication and License,2016-04-04T17:29:24.000,2026-08-17T18:16:18.000,2,Quarterly,True,Auto - R,True,False,2615,942,https://data.cambridgema.gov/d/aa6j-h24p
d89e-7wmt,Traffic Clearance Permits,Transportation,"parking,permit,street",Transportation,inferred_from_metadata,Traffic & Parking,Open Data Commons Public Domain Dedication and License,2024-10-28T15:07:14.000,2026-08-19T09:59:46.000,0,Daily,True,Auto - Python,True,False,1010,317,https://data.cambridgema.gov/d/d89e-7wmt
k7qr-u489,Traffic Speed Studies (Historical),Transportation,"vision zero,health and safety,motor vehicles,traffic",Transportation,inferred_from_metadata,"Traffic, Parking &Transportation department",Open Data Commons Public Domain Dedication and License,2018-03-27T18:40:20.000,2024-07-24T15:53:52.000,,Historical Data,,,False,False,1961,459,https://data.cambridgema.gov/d/k7qr-u489
vr3p-e9ke,TRAFFIC_CommercialParking,Transportation,"parking,map,gis",Transportation,inferred_from_metadata,City of Cambridge GIS,,2014-05-23T14:33:30.000,2019-01-11T16:50:59.000,,As Needed,,,False,False,369,330,https://data.cambridgema.gov/d/vr3p-e9ke
up94-ihbw,TRAFFIC_MeteredParkingSpaces,Transportation,"parking meter,parking,streets,gis",Transportation,inferred_from_metadata,City of Cambridge GIS,Open Data Commons Public Domain Dedication and License,2014-07-01T18:07:36.000,2021-06-15T19:46:16.000,,As Needed,,,False,False,544,350,https://data.cambridgema.gov/d/up94-ihbw
gpw8-aqjv,TRAFFIC_MunicipalParkingLots,Transportation,"gis,parking,vision zero,municipal parking lots",Transportation,inferred_from_metadata,City of Cambridge GIS,,2014-05-23T14:35:25.000,2014-05-23T14:35:25.000,,As Needed,,,False,False,335,273,https://data.cambridgema.gov/d/gpw8-aqjv
vj95-me7d,Tree Removal Permits,Public Works,"trees,permits,climate,department of public works - dpw",Public Works (DPW),inferred_from_metadata,Department of Public Works,Open Data Commons Public Domain Dedication and License,2021-09-20T22:51:36.000,2026-08-17T13:52:28.000,2,Weekly,True,Auto - Python,True,False,3217,5178,https://data.cambridgema.gov/d/vj95-me7d
72bt-ct3c,Unshoveled/Icy Sidewalk Complaints (HISTORICAL),Public Works,"transportation,snow and ice,health and safety,sidewalks,vision zero",Public Works (DPW),inferred_from_metadata,Public Works,Open Data Commons Public Domain Dedication and License,2014-04-17T01:01:31.000,2017-03-07T02:03:38.000,,Historical Data,,,False,False,1687,556,https://data.cambridgema.gov/d/72bt-ct3c
eqvn-nsmf,"Voter Turnout - November 6, 2012",General Government,"voter turnout,elections,government and finance",Finance,inferred_from_metadata,Cambridge Election Commission,,2014-11-26T20:00:34.000,2014-11-26T21:17:38.000,,Historical Data,,,False,False,863,579,https://data.cambridgema.gov/d/eqvn-nsmf
4bq3-vfga,"Voter Turnout, 1999 - Present",General Government,"voter turnout,elections,government and finance",Finance,inferred_from_metadata,City of Cambridge Election Commission,,2017-01-23T17:59:38.000,2017-02-13T19:05:45.000,,Historical Data,,,False,False,2864,624,https://data.cambridgema.gov/d/4bq3-vfga
fkyf-pvm6,Wards and Precincts,General Government,"gis,elections,wards and precincts,map",Inspectional Services,inferred_from_metadata,Cambridge GIS,Open Data Commons Public Domain Dedication and License,2023-04-11T14:44:29.000,2026-08-01T18:02:38.000,,As Needed,,,False,False,744,269,https://data.cambridgema.gov/d/fkyf-pvm6
8vjb-gcum,Waterplay Park Locations,Public Works,"gis,playgrounds,parks",Public Works (DPW),inferred_from_metadata,Cambridge GIS,Open Data Commons Public Domain Dedication and License,2022-01-27T17:26:07.000,2026-08-19T04:19:35.000,,As Needed,,Other/Unknown,False,False,562,295,https://data.cambridgema.gov/d/8vjb-gcum
agyh-ujkr,Wetlands,Water Department,"wetlands,map,gis",Inspectional Services,inferred_from_metadata,Cambridge GIS,Open Data Commons Public Domain Dedication and License,2023-04-11T14:50:39.000,2026-08-01T18:08:20.000,,As Needed,,,False,False,523,254,https://data.cambridgema.gov/d/agyh-ujkr
pb99-d47j,Workforce By Industry: 1967 - 2001,Economic Development,labor force,Community Development,inferred_from_metadata,"Massachusetts Executive Office of Labor and Workforce Development, compiled by City of Cambridge Community Development Department",Open Data Commons Public Domain Dedication and License,2017-06-27T15:06:46.000,2017-06-29T16:33:22.000,,Historical Data,,,False,False,1478,459,https://data.cambridgema.gov/d/pb99-d47j
cmjx-t9pi,Workforce By Industry: 2001 - Present,Economic Development,labor force,Law,inferred_from_metadata,Massachusetts Department of Economic Research,Open Data Commons Public Domain Dedication and License,2017-06-22T19:41:09.000,2025-09-30T14:53:04.000,323,Annually,True,,False,False,3687,585,https://data.cambridgema.gov/d/cmjx-t9pi
eae8-5e88,"Workforce Commuting Mode Split: 1990, 2000, 2006 - 2010, and 2012 - 2016",Transportation,"transportation,commuting,census",Transportation,inferred_from_metadata,City of Cambridge Community Development Department,Open Data Commons Public Domain Dedication and License,2016-02-11T18:28:20.000,2019-09-17T14:17:36.000,,As Needed,,,False,False,1793,489,https://data.cambridgema.gov/d/eae8-5e88
6d2u-pxfn,Workforce Demographic Characteristics by Commuting Mode Split : 2012 - 2016,Transportation,"labor force,demographics,annual household income,commuting,transportation",Transportation,inferred_from_metadata,City of Cambridge Community Development,Open Data Commons Public Domain Dedication and License,2016-02-11T19:28:46.000,2019-09-17T15:35:04.000,,As Needed,,,False,False,1885,502,https://data.cambridgema.gov/d/6d2u-pxfn
jyn5-q2qz,Yearly Municipal Waste Summary,Public Works,"recycling,trash,compost",Public Works (DPW),inferred_from_metadata,,Open Data Commons Public Domain Dedication and License,2025-02-10T20:46:56.000,2026-03-16T17:31:35.000,156,Annually,True,Manual,False,False,695,80,https://data.cambridgema.gov/d/jyn5-q2qz
yntz-ub27,ZIP Codes,General Government,"gis,map",Inspectional Services,inferred_from_metadata,Cambridge GIS,Open Data Commons Public Domain Dedication and License,2022-01-27T17:26:08.000,2024-09-11T04:07:15.000,,As Needed,,,False,False,902,315,https://data.cambridgema.gov/d/yntz-ub27
bxi3-5pn3,Zoning Overlay Districts,Planning,"gis,housing and development,zoning",Community Development,inferred_from_metadata,Cambridge GIS,Open Data Commons Public Domain Dedication and License,2022-01-27T17:26:09.000,2026-08-19T04:21:17.000,,As Needed,,,False,False,666,260,https://data.cambridgema.gov/d/bxi3-5pn3
