metric_id,priority,gap_type,status,recommended_source,notes
legacy_pre_2020_usage,Priority 1,historical_api_gap,not_available_via_current_soda_system_dataset,Socrata /admin/analytics legacy CSV or JSON export,Current Asset Access starts in February 2020. Socrata docs say older records are only available through legacy admin downloads and may not match newer analytics definitions.
department_dataset_ownership,Priority 4,metadata_gap,mostly_missing,Populate Maintenance Plan: Department for every public dataset,1 of 279 current public-discoverable catalog datasets have structured department metadata.
classes_and_trainings,Priority 3/4,local_input_missing,not_loaded,Add non-template CSV files under input/manual,No non-template class/training files were found.
privacy_inquiries_requests,Priority 2,non_socrata_source_needed,manual_required,"Program tracker, newsletter platform, event registration, meeting records, or manual_metrics.csv",Not found in Socrata system datasets. Fill input/manual/manual_metrics.csv or structured event files.
published_governance_updates,Priority 2,non_socrata_source_needed,manual_required,"Program tracker, newsletter platform, event registration, meeting records, or manual_metrics.csv",Not found in Socrata system datasets. Fill input/manual/manual_metrics.csv or structured event files.
odrb_public_attendance,Priority 2,non_socrata_source_needed,manual_required,"Program tracker, newsletter platform, event registration, meeting records, or manual_metrics.csv",Not found in Socrata system datasets. Fill input/manual/manual_metrics.csv or structured event files.
newsletter_issues_sent,Priority 3,non_socrata_source_needed,manual_required,"Program tracker, newsletter platform, event registration, meeting records, or manual_metrics.csv",Not found in Socrata system datasets. Fill input/manual/manual_metrics.csv or structured event files.
newsletter_subscribers,Priority 3,non_socrata_source_needed,manual_required,"Program tracker, newsletter platform, event registration, meeting records, or manual_metrics.csv",Not found in Socrata system datasets. Fill input/manual/manual_metrics.csv or structured event files.
public_workshops,Priority 3,non_socrata_source_needed,manual_required,"Program tracker, newsletter platform, event registration, meeting records, or manual_metrics.csv",Not found in Socrata system datasets. Fill input/manual/manual_metrics.csv or structured event files.
public_workshop_attendance,Priority 3,non_socrata_source_needed,manual_required,"Program tracker, newsletter platform, event registration, meeting records, or manual_metrics.csv",Not found in Socrata system datasets. Fill input/manual/manual_metrics.csv or structured event files.
targeted_outreach_events,Priority 3,non_socrata_source_needed,manual_required,"Program tracker, newsletter platform, event registration, meeting records, or manual_metrics.csv",Not found in Socrata system datasets. Fill input/manual/manual_metrics.csv or structured event files.
targeted_outreach_attendance,Priority 3,non_socrata_source_needed,manual_required,"Program tracker, newsletter platform, event registration, meeting records, or manual_metrics.csv",Not found in Socrata system datasets. Fill input/manual/manual_metrics.csv or structured event files.
big_issues_talks,Priority 3,non_socrata_source_needed,manual_required,"Program tracker, newsletter platform, event registration, meeting records, or manual_metrics.csv",Not found in Socrata system datasets. Fill input/manual/manual_metrics.csv or structured event files.
big_issues_attendance,Priority 3,non_socrata_source_needed,manual_required,"Program tracker, newsletter platform, event registration, meeting records, or manual_metrics.csv",Not found in Socrata system datasets. Fill input/manual/manual_metrics.csv or structured event files.
cdag_meetings,Priority 4,non_socrata_source_needed,manual_required,"Program tracker, newsletter platform, event registration, meeting records, or manual_metrics.csv",Not found in Socrata system datasets. Fill input/manual/manual_metrics.csv or structured event files.
cdag_attendance,Priority 4,non_socrata_source_needed,manual_required,"Program tracker, newsletter platform, event registration, meeting records, or manual_metrics.csv",Not found in Socrata system datasets. Fill input/manual/manual_metrics.csv or structured event files.
departments_represented_in_cdag,Priority 4,non_socrata_source_needed,manual_required,"Program tracker, newsletter platform, event registration, meeting records, or manual_metrics.csv",Not found in Socrata system datasets. Fill input/manual/manual_metrics.csv or structured event files.
staff_trainings,Priority 4,non_socrata_source_needed,manual_required,"Program tracker, newsletter platform, event registration, meeting records, or manual_metrics.csv",Not found in Socrata system datasets. Fill input/manual/manual_metrics.csv or structured event files.
staff_training_attendance,Priority 4,non_socrata_source_needed,manual_required,"Program tracker, newsletter platform, event registration, meeting records, or manual_metrics.csv",Not found in Socrata system datasets. Fill input/manual/manual_metrics.csv or structured event files.
emerging_tool_evaluations,Priority 5,non_socrata_source_needed,manual_required,"Program tracker, newsletter platform, event registration, meeting records, or manual_metrics.csv",Not found in Socrata system datasets. Fill input/manual/manual_metrics.csv or structured event files.
documented_pilots,Priority 5,non_socrata_source_needed,manual_required,"Program tracker, newsletter platform, event registration, meeting records, or manual_metrics.csv",Not found in Socrata system datasets. Fill input/manual/manual_metrics.csv or structured event files.
tools_methods_adopted,Priority 5,non_socrata_source_needed,manual_required,"Program tracker, newsletter platform, event registration, meeting records, or manual_metrics.csv",Not found in Socrata system datasets. Fill input/manual/manual_metrics.csv or structured event files.
academic_collaborations,Priority 6,non_socrata_source_needed,manual_required,"Program tracker, newsletter platform, event registration, meeting records, or manual_metrics.csv",Not found in Socrata system datasets. Fill input/manual/manual_metrics.csv or structured event files.
civic_tech_collaborations,Priority 6,non_socrata_source_needed,manual_required,"Program tracker, newsletter platform, event registration, meeting records, or manual_metrics.csv",Not found in Socrata system datasets. Fill input/manual/manual_metrics.csv or structured event files.
regional_national_convenings,Priority 6,non_socrata_source_needed,manual_required,"Program tracker, newsletter platform, event registration, meeting records, or manual_metrics.csv",Not found in Socrata system datasets. Fill input/manual/manual_metrics.csv or structured event files.
shared_outputs_with_partners,Priority 6,non_socrata_source_needed,manual_required,"Program tracker, newsletter platform, event registration, meeting records, or manual_metrics.csv",Not found in Socrata system datasets. Fill input/manual/manual_metrics.csv or structured event files.
external_references,Priority 6,non_socrata_source_needed,manual_required,"Program tracker, newsletter platform, event registration, meeting records, or manual_metrics.csv",Not found in Socrata system datasets. Fill input/manual/manual_metrics.csv or structured event files.
