uid,name,category,url,notes
qbqh-siv3,announcement_category_tile,,https://data.cambridgema.gov/d/qbqh-siv3,Public-readable in Asset Inventory but hidden from public Discovery API/catalog.
qkz3-neu2,ARPA,,https://data.cambridgema.gov/d/qkz3-neu2,Public-readable in Asset Inventory but hidden from public Discovery API/catalog.
ir7y-req8,ARPA_Totals,,https://data.cambridgema.gov/d/ir7y-req8,Public-readable in Asset Inventory but hidden from public Discovery API/catalog.
4a8a-9kqx,category_tiles,,https://data.cambridgema.gov/d/4a8a-9kqx,Public-readable in Asset Inventory but hidden from public Discovery API/catalog.
wt64-has2,cityscape_tiles,,https://data.cambridgema.gov/d/wt64-has2,Public-readable in Asset Inventory but hidden from public Discovery API/catalog.
qad5-bjue,featured_stories,,https://data.cambridgema.gov/d/qad5-bjue,Public-readable in Asset Inventory but hidden from public Discovery API/catalog.
y896-y3kz,homebase_tiles,,https://data.cambridgema.gov/d/y896-y3kz,Public-readable in Asset Inventory but hidden from public Discovery API/catalog.
jt69-ftkb,OpenBudget: Long-form Content Configurations,,https://data.cambridgema.gov/d/jt69-ftkb,Public-readable in Asset Inventory but hidden from public Discovery API/catalog.
9753-viuf,OpenBudget: String Configurations,,https://data.cambridgema.gov/d/9753-viuf,Public-readable in Asset Inventory but hidden from public Discovery API/catalog.
ppei-4pjw,Project Phase List FY15 and FY14 (Historical),Budget/Finance,https://data.cambridgema.gov/d/ppei-4pjw,Public-readable in Asset Inventory but hidden from public Discovery API/catalog.
6k5q-pc3y,section_headers,,https://data.cambridgema.gov/d/6k5q-pc3y,Public-readable in Asset Inventory but hidden from public Discovery API/catalog.
y4sy-53nu,sections,,https://data.cambridgema.gov/d/y4sy-53nu,Public-readable in Asset Inventory but hidden from public Discovery API/catalog.
drs9-agak,wallpaper_banner,,https://data.cambridgema.gov/d/drs9-agak,Public-readable in Asset Inventory but hidden from public Discovery API/catalog.
