metric_id,metric_name,priority,period_type,unit,aggregation,status,source,notes
public_datasets_cumulative,"Public-discoverable datasets, current inventory backcast by creation date",Priority 1,month,datasets,last,populated_partial_history,Socrata Asset Inventory system dataset,"Backcast from creation dates for datasets visible in the unauthenticated Socrata Discovery API now; hidden, deleted, or formerly private assets are not reconstructed."
public_datasets_created,Public-discoverable datasets created,Priority 1,month,datasets,sum,populated_partial_history,Socrata Asset Inventory system dataset,Counts creation month for datasets visible in the unauthenticated Socrata Discovery API now.
discovery_api_public_datasets,Public-discoverable datasets visible in Socrata Discovery API,Priority 1,snapshot,datasets,last,populated_current,Socrata Discovery API,Public catalog count from api.us.socrata.com. Useful as a check against Asset Inventory.
public_dataset_page_views,Public-discoverable dataset page views,Priority 1,month,views,sum,populated_since_2020_02,Socrata Asset Access system dataset,Includes primer/grid/visualization-style views for current public-discoverable base datasets.
public_dataset_downloads,Public-discoverable dataset downloads,Priority 1,month,downloads,sum,populated_since_2020_02,Socrata Asset Access system dataset,Download/export actions for current public-discoverable base datasets.
public_dataset_api_reads,Public-discoverable dataset API reads,Priority 1,month,api reads,sum,populated_since_2020_02,Socrata Asset Access system dataset,SODA/resource endpoint accesses for current public-discoverable base datasets.
public_asset_views,Public asset views,Priority 1,month,views,sum,populated_since_2020_02,Socrata Asset Access system dataset,"Views across public assets in the current inventory, excluding downloads and API reads."
public_asset_downloads,Public asset downloads,Priority 1,month,downloads,sum,populated_since_2020_02,Socrata Asset Access system dataset,Downloads across public assets in the current inventory.
public_asset_api_reads,Public asset API reads,Priority 1,month,api reads,sum,populated_since_2020_02,Socrata Asset Access system dataset,API reads across public assets in the current inventory.
catalog_searches,Catalog searches,Priority 1,month,searches,sum,populated_since_2020_02,Socrata Catalog Search Terms system dataset,Counts terms entered into Socrata catalog search bars; Discovery API searches are not included.
distinct_catalog_search_terms,Distinct catalog search terms,Priority 1,month,terms,max,populated_since_2020_02,Socrata Catalog Search Terms system dataset,"Monthly distinct search terms; yearly value is the max monthly value, not yearly distinct terms."
referrer_visits,Referrer visits,Priority 3,month,visits,sum,populated_since_2021_05,Socrata Referrers system dataset,Visits from recorded referrer domains to portal assets.
distinct_referrers,Distinct referrer domains,Priority 3,month,domains,max,populated_since_2021_05,Socrata Referrers system dataset,Monthly distinct referrer domains; yearly value is the max monthly value.
active_internal_portal_accounts,Active internal portal accounts,Priority 4,month,accounts,max,populated_since_2020_02,Socrata User Authentications system dataset,Distinct monthly site_member user accounts with login activity; yearly value is the max monthly value.
portal_logins,Portal logins,Priority 4,month,logins,sum,populated_since_2020_02,Socrata User Authentications system dataset,All recorded username/password and SSO authentications.
datasets_with_pddl_license,Public-discoverable datasets with PDDL license,Priority 1,snapshot,datasets,last,populated_current,Socrata Asset Inventory system dataset,Current snapshot only; license history is not in the asset inventory.
datasets_with_pddl_license_pct,Public-discoverable datasets with PDDL license percentage,Priority 1,snapshot,percent,average,populated_current,Socrata Asset Inventory system dataset,Current snapshot only.
datasets_with_automated_refresh,Public-discoverable datasets with automated refresh process,Priority 1,snapshot,datasets,last,populated_current_estimate,Socrata Asset Inventory custom metadata,Estimated from Internal: Update Process and maintenance/data provenance text containing automation signals.
dataset_freshness_pct,Scheduled public-discoverable datasets fresh,Priority 1,snapshot,percent,average,populated_current_estimate,Socrata Asset Inventory update frequency and last data updated date,"Current snapshot; excludes Historical Data, As Needed, blank, and unknown frequencies. Thresholds are in scripts/fetch_metrics.py."
datasets_with_privacy_geomasking_notes,Public-discoverable datasets with privacy or geomasking notes,Priority 2,snapshot,datasets,last,populated_current,Socrata Asset Inventory custom metadata,Counts non-empty Specific Limitations: Geomasking and Privacy Notes on current public datasets.
datasets_with_department_metadata,Public-discoverable datasets with Maintenance Plan department metadata,Priority 4,snapshot,datasets,last,populated_current,Socrata Asset Inventory custom metadata,"Measures whether a structured department field is populated, not inferred ownership."
privacy_inquiries_requests,Privacy inquiries and requests received,Priority 2,month,requests,sum,manual_required,Manual input template or future non-Socrata source,Not found in Socrata system datasets. Fill input/manual/manual_metrics.csv or structured event files.
published_governance_updates,Published governance updates or guidance pieces,Priority 2,month,updates,sum,manual_required,Manual input template or future non-Socrata source,Not found in Socrata system datasets. Fill input/manual/manual_metrics.csv or structured event files.
odrb_public_attendance,Public attendance at Open Data Review Board meetings,Priority 2,month,attendees,sum,manual_required,Manual input template or future non-Socrata source,Not found in Socrata system datasets. Fill input/manual/manual_metrics.csv or structured event files.
newsletter_issues_sent,Newsletter issues sent,Priority 3,month,issues,sum,manual_required,Manual input template or future non-Socrata source,Not found in Socrata system datasets. Fill input/manual/manual_metrics.csv or structured event files.
newsletter_subscribers,Newsletter subscribers,Priority 3,month,subscribers,sum,manual_required,Manual input template or future non-Socrata source,Not found in Socrata system datasets. Fill input/manual/manual_metrics.csv or structured event files.
public_workshops,Public workshops,Priority 3,month,events,sum,manual_required,Manual input template or future non-Socrata source,Not found in Socrata system datasets. Fill input/manual/manual_metrics.csv or structured event files.
public_workshop_attendance,Public workshop attendance,Priority 3,month,attendees,sum,manual_required,Manual input template or future non-Socrata source,Not found in Socrata system datasets. Fill input/manual/manual_metrics.csv or structured event files.
targeted_outreach_events,Targeted outreach events,Priority 3,month,events,sum,manual_required,Manual input template or future non-Socrata source,Not found in Socrata system datasets. Fill input/manual/manual_metrics.csv or structured event files.
targeted_outreach_attendance,Targeted outreach attendance,Priority 3,month,attendees,sum,manual_required,Manual input template or future non-Socrata source,Not found in Socrata system datasets. Fill input/manual/manual_metrics.csv or structured event files.
big_issues_talks,Big Issues talks,Priority 3,month,events,sum,manual_required,Manual input template or future non-Socrata source,Not found in Socrata system datasets. Fill input/manual/manual_metrics.csv or structured event files.
big_issues_attendance,Big Issues attendance,Priority 3,month,attendees,sum,manual_required,Manual input template or future non-Socrata source,Not found in Socrata system datasets. Fill input/manual/manual_metrics.csv or structured event files.
cdag_meetings,CDAG meetings,Priority 4,month,meetings,sum,manual_required,Manual input template or future non-Socrata source,Not found in Socrata system datasets. Fill input/manual/manual_metrics.csv or structured event files.
cdag_attendance,CDAG attendance,Priority 4,month,attendees,sum,manual_required,Manual input template or future non-Socrata source,Not found in Socrata system datasets. Fill input/manual/manual_metrics.csv or structured event files.
departments_represented_in_cdag,Departments represented in CDAG,Priority 4,month,departments,sum,manual_required,Manual input template or future non-Socrata source,Not found in Socrata system datasets. Fill input/manual/manual_metrics.csv or structured event files.
staff_trainings,Staff trainings,Priority 4,month,events,sum,manual_required,Manual input template or future non-Socrata source,Not found in Socrata system datasets. Fill input/manual/manual_metrics.csv or structured event files.
staff_training_attendance,Staff training attendance,Priority 4,month,attendees,sum,manual_required,Manual input template or future non-Socrata source,Not found in Socrata system datasets. Fill input/manual/manual_metrics.csv or structured event files.
emerging_tool_evaluations,Evaluations of emerging tools or methods,Priority 5,year,evaluations,last,manual_required,Manual input template or future non-Socrata source,Not found in Socrata system datasets. Fill input/manual/manual_metrics.csv or structured event files.
documented_pilots,Documented pilots or experiments conducted,Priority 5,year,pilots,last,manual_required,Manual input template or future non-Socrata source,Not found in Socrata system datasets. Fill input/manual/manual_metrics.csv or structured event files.
tools_methods_adopted,New tools or methods adopted/deployed,Priority 5,year,tools,last,manual_required,Manual input template or future non-Socrata source,Not found in Socrata system datasets. Fill input/manual/manual_metrics.csv or structured event files.
academic_collaborations,Academic data collaborations,Priority 6,year,collaborations,last,manual_required,Manual input template or future non-Socrata source,Not found in Socrata system datasets. Fill input/manual/manual_metrics.csv or structured event files.
civic_tech_collaborations,Civic tech collaborations,Priority 6,year,collaborations,last,manual_required,Manual input template or future non-Socrata source,Not found in Socrata system datasets. Fill input/manual/manual_metrics.csv or structured event files.
regional_national_convenings,Participation in regional or national convenings,Priority 6,year,convenings,last,manual_required,Manual input template or future non-Socrata source,Not found in Socrata system datasets. Fill input/manual/manual_metrics.csv or structured event files.
shared_outputs_with_partners,Shared outputs with regional partners,Priority 6,year,outputs,last,manual_required,Manual input template or future non-Socrata source,Not found in Socrata system datasets. Fill input/manual/manual_metrics.csv or structured event files.
external_references,External references to Cambridge's work,Priority 6,year,references,last,manual_required,Manual input template or future non-Socrata source,Not found in Socrata system datasets. Fill input/manual/manual_metrics.csv or structured event files.
