department,opengov_category,permit_type_count,matched_permit_type_count,unmatched_permit_type_count,coverage_percent,opengov_category_url
Inspectional Services,Inspectional Services,35,30,5,85.71,https://cambridgema.portal.opengov.com/categories/1118
License Commission,License Commission,30,0,30,0.0,https://cambridgema.portal.opengov.com/categories/1096
Public Works (DPW),Public Works,18,9,9,50.0,https://cambridgema.portal.opengov.com/categories/1101
Fire Department,Fire Department,17,0,17,0.0,https://cambridgema.portal.opengov.com/categories/1125
Transportation,"Traffic, Parking, and Transportation",14,10,4,71.43,https://cambridgema.portal.opengov.com/categories/1122
Assessing,Assessing,4,0,4,0.0,https://cambridgema.portal.opengov.com/categories/1127
Animal Commission,Animal Care and Control,3,1,2,33.33,https://cambridgema.portal.opengov.com/categories/1123
Human Service Programs,Department of Human Service Programs,3,0,3,0.0,https://cambridgema.portal.opengov.com/categories/1131
Water Department,Water Department,3,0,3,0.0,https://cambridgema.portal.opengov.com/categories/1134
Cambridge Arts,Cambridge Arts,2,1,1,50.0,https://cambridgema.portal.opengov.com/categories/1135
City Clerk's Office,City Clerk's Office,1,0,1,0.0,https://cambridgema.portal.opengov.com/categories/1129
Community Development,Housing Department,1,0,1,0.0,https://cambridgema.portal.opengov.com/categories/1132
Emergency Communications,Emergency Communications,1,0,1,0.0,https://cambridgema.portal.opengov.com/categories/1141
