department,opengov_category,record_type_id,permit_type,permit_url,has_open_dataset,match_source,dataset_uids,dataset_names,dataset_urls,review_candidate_uids,notes
Inspectional Services,Inspectional Services,6658,"Application to Modify Building Plans, Including Change of Contractor, etc.",https://cambridgema.portal.opengov.com/categories/1118/record-types/6658,True,curated,tdg3-whvc,Application to Modify Building Plans,https://data.cambridgema.gov/d/tdg3-whvc,,
Inspectional Services,Inspectional Services,6604,Asbestos Permit,https://cambridgema.portal.opengov.com/categories/1118/record-types/6604,True,curated,jrxr-y9ty,Asbestos Removal Permits,https://data.cambridgema.gov/d/jrxr-y9ty,,
Inspectional Services,Inspectional Services,6606,Board of Appeal (BZA) Special Permit/Variance,https://cambridgema.portal.opengov.com/categories/1118/record-types/6606,True,curated,urfm-usws,Board of Zoning Appeal Requests,https://data.cambridgema.gov/d/urfm-usws,,BZA petitions publish as Board of Zoning Appeal Requests.
Inspectional Services,Inspectional Services,6659,Building Permit - Addition / Alteration,https://cambridgema.portal.opengov.com/categories/1118/record-types/6659,True,curated,qu2z-8suj,Building Permits: Addition/Alteration,https://data.cambridgema.gov/d/qu2z-8suj,,
Inspectional Services,Inspectional Services,6668,Building Permit - New Construction,https://cambridgema.portal.opengov.com/categories/1118/record-types/6668,True,curated,9qm7-wbdc,Building Permits: New Construction,https://data.cambridgema.gov/d/9qm7-wbdc,,
Inspectional Services,Inspectional Services,7040,Building Permit - Short Form,https://cambridgema.portal.opengov.com/categories/1118/record-types/7040,True,curated,ex75-8iwq,Building Permits: Short Form,https://data.cambridgema.gov/d/ex75-8iwq,,
Inspectional Services,Inspectional Services,6619,Catering Registration,https://cambridgema.portal.opengov.com/categories/1118/record-types/6619,True,curated,b395-a6b2,Catering Permits,https://data.cambridgema.gov/d/b395-a6b2,,
Inspectional Services,Inspectional Services,6632,Certificate of Occupancy,https://cambridgema.portal.opengov.com/categories/1118/record-types/6632,True,curated,qwvv-deed,Certificates of Occupancy,https://data.cambridgema.gov/d/qwvv-deed,,
Inspectional Services,Inspectional Services,6827,Cottage Food Operation Permit,https://cambridgema.portal.opengov.com/categories/1118/record-types/6827,True,curated,q9yz-5w2v,Cottage Food Operation Permit,https://data.cambridgema.gov/d/q9yz-5w2v,,
Inspectional Services,Inspectional Services,6601,Curb Cut,https://cambridgema.portal.opengov.com/categories/1118/record-types/6601,True,curated,q2hw-5t8j,Curb Cut Permits,https://data.cambridgema.gov/d/q2hw-5t8j,,
Inspectional Services,Inspectional Services,6615,Demolition Permit,https://cambridgema.portal.opengov.com/categories/1118/record-types/6615,True,curated,kcfi-ackv,Demolition Permits,https://data.cambridgema.gov/d/kcfi-ackv,,
Inspectional Services,Inspectional Services,6584,Dumpster License,https://cambridgema.portal.opengov.com/categories/1118/record-types/6584,True,curated,h6rx-ind5,Dumpster Permits,https://data.cambridgema.gov/d/h6rx-ind5,,Current ISD dumpster permits; historical set is 6rcx-ibcs.
Inspectional Services,Inspectional Services,6718,Electrical Maintenance Agreement,https://cambridgema.portal.opengov.com/categories/1118/record-types/6718,True,curated,4eya-y7ji,Electrical Maintenance Agreement,https://data.cambridgema.gov/d/4eya-y7ji,,
Inspectional Services,Inspectional Services,6552,Electrical Permit,https://cambridgema.portal.opengov.com/categories/1118/record-types/6552,True,curated,hvtc-3ab9,Electrical Permits,https://data.cambridgema.gov/d/hvtc-3ab9,,
Inspectional Services,Inspectional Services,6655,Farmers Market,https://cambridgema.portal.opengov.com/categories/1118/record-types/6655,True,curated,kkbh-kxre,Farmer's Market Permits,https://data.cambridgema.gov/d/kkbh-kxre,,
Inspectional Services,Inspectional Services,6607,Food Establishment,https://cambridgema.portal.opengov.com/categories/1118/record-types/6607,True,curated,iect-ma2e,Food Establishment Permits,https://data.cambridgema.gov/d/iect-ma2e,,
Inspectional Services,Inspectional Services,6688,Gas Permit,https://cambridgema.portal.opengov.com/categories/1118/record-types/6688,True,curated,5cra-jws5,Gas Permits,https://data.cambridgema.gov/d/5cra-jws5,,
Inspectional Services,Inspectional Services,6643,Mechanical Permit,https://cambridgema.portal.opengov.com/categories/1118/record-types/6643,True,curated,4rb4-q8tj,Mechanical Permits,https://data.cambridgema.gov/d/4rb4-q8tj,,
Inspectional Services,Inspectional Services,6622,Mobile Food Truck,https://cambridgema.portal.opengov.com/categories/1118/record-types/6622,True,curated,qweb-m8r8,Mobile Food Truck Permits,https://data.cambridgema.gov/d/qweb-m8r8,,
Inspectional Services,Inspectional Services,6686,Plumbing Permit,https://cambridgema.portal.opengov.com/categories/1118/record-types/6686,True,curated,8793-tet2,Plumbing Permits,https://data.cambridgema.gov/d/8793-tet2,,
Inspectional Services,Inspectional Services,6666,Roof Permit,https://cambridgema.portal.opengov.com/categories/1118/record-types/6666,True,curated,79ih-g44d,Roof - Building Permit,https://data.cambridgema.gov/d/79ih-g44d,,
Inspectional Services,Inspectional Services,6617,Sheet Metal,https://cambridgema.portal.opengov.com/categories/1118/record-types/6617,True,curated,cmy2-saf4,Sheet Metal Permits,https://data.cambridgema.gov/d/cmy2-saf4,,
Inspectional Services,Inspectional Services,6571,Short-Term Rentals,https://cambridgema.portal.opengov.com/categories/1118/record-types/6571,True,curated,wxgv-w968,Short Term Rentals,https://data.cambridgema.gov/d/wxgv-w968,,
Inspectional Services,Inspectional Services,6667,Siding Permit,https://cambridgema.portal.opengov.com/categories/1118/record-types/6667,True,curated,ddej-349p,Siding - Building Permit,https://data.cambridgema.gov/d/ddej-349p,,
Inspectional Services,Inspectional Services,6628,Sign/Awning Permit,https://cambridgema.portal.opengov.com/categories/1118/record-types/6628,True,curated,du4x-rm75,Sign Permits,https://data.cambridgema.gov/d/du4x-rm75,,
Inspectional Services,Inspectional Services,6651,Solar Panel Permit,https://cambridgema.portal.opengov.com/categories/1118/record-types/6651,True,curated,whpw-w55x,Solar Installation Permits,https://data.cambridgema.gov/d/whpw-w55x,,
Inspectional Services,Inspectional Services,6568,Sprinkler/Standpipe Permit,https://cambridgema.portal.opengov.com/categories/1118/record-types/6568,True,curated,c552-ny5k,Sprinkler and Standpipe Permits,https://data.cambridgema.gov/d/c552-ny5k,,
Inspectional Services,Inspectional Services,6646,Swimming Pool Permit,https://cambridgema.portal.opengov.com/categories/1118/record-types/6646,True,curated,agj6-qs4q,Swimming Pool Permits,https://data.cambridgema.gov/d/agj6-qs4q,,
Inspectional Services,Inspectional Services,6654,Temporary Food Service,https://cambridgema.portal.opengov.com/categories/1118/record-types/6654,True,curated,ix2w-bkix,Temporary Food Service Permits,https://data.cambridgema.gov/d/ix2w-bkix,,
Inspectional Services,Inspectional Services,6649,Tent Permit,https://cambridgema.portal.opengov.com/categories/1118/record-types/6649,True,curated,4bmb-xuad,Tent - Building Permits,https://data.cambridgema.gov/d/4bmb-xuad,,
Inspectional Services,Inspectional Services,6623,Tobacco License Without Food Establishment License,https://cambridgema.portal.opengov.com/categories/1118/record-types/6623,True,curated,ryaf-48sr,Tobacco Licenses without Food Service,https://data.cambridgema.gov/d/ryaf-48sr,,
Inspectional Services,Inspectional Services,6743,Cannabis Business Permit,https://cambridgema.portal.opengov.com/categories/1118/record-types/6743,False,curated,,,,,No cannabis business permit dataset published.
Inspectional Services,Inspectional Services,6778,Certificate of Inspection,https://cambridgema.portal.opengov.com/categories/1118/record-types/6778,False,curated,,,,,"Reviewed: Sanitary Inspections covers food establishment inspections, not the annual ISD certificate of inspection."
Inspectional Services,Inspectional Services,6834,Private Property Rodent Control,https://cambridgema.portal.opengov.com/categories/1118/record-types/6834,False,curated,,,,,No rodent control permit dataset published.
Inspectional Services,Inspectional Services,6616,Recreational Camp License,https://cambridgema.portal.opengov.com/categories/1118/record-types/6616,False,curated,,,,,No recreational camp license dataset published.
License Commission,License Commission,6831,Acoustical Music with No Amplification Except One Microphone Application,https://cambridgema.portal.opengov.com/categories/1096/record-types/6831,False,curated,,,,,No License Commission permit datasets are published.
License Commission,License Commission,6555,"Annual Common Victualler, Alcohol and/or Entertainment License",https://cambridgema.portal.opengov.com/categories/1096/record-types/6555,False,curated,,,,,No License Commission permit datasets are published.
License Commission,License Commission,6625,Auctioneer Permit (Annual),https://cambridgema.portal.opengov.com/categories/1096/record-types/6625,False,curated,,,,,No License Commission permit datasets are published.
License Commission,License Commission,6687,Change to an Existing License Application,https://cambridgema.portal.opengov.com/categories/1096/record-types/6687,False,curated,,,,,No License Commission permit datasets are published.
License Commission,License Commission,6747,Dispatch Service Application,https://cambridgema.portal.opengov.com/categories/1096/record-types/6747,False,curated,,,,,No License Commission permit datasets are published.
License Commission,License Commission,6636,Disposal/Solid Waste Hauler License,https://cambridgema.portal.opengov.com/categories/1096/record-types/6636,False,curated,,,,,No License Commission permit datasets are published.
License Commission,License Commission,6626,Fortune Teller License,https://cambridgema.portal.opengov.com/categories/1096/record-types/6626,False,curated,,,,,No License Commission permit datasets are published.
License Commission,License Commission,6633,Garage and/or Flammables License,https://cambridgema.portal.opengov.com/categories/1096/record-types/6633,False,curated,,,,,No License Commission permit datasets are published.
License Commission,License Commission,6726,Hackney Driver Application,https://cambridgema.portal.opengov.com/categories/1096/record-types/6726,False,curated,,,,,No License Commission permit datasets are published.
License Commission,License Commission,6630,Hawker/Peddler License,https://cambridgema.portal.opengov.com/categories/1096/record-types/6630,False,curated,,,,,No License Commission permit datasets are published.
License Commission,License Commission,6565,Innholder - Lodging House,https://cambridgema.portal.opengov.com/categories/1096/record-types/6565,False,curated,,,,,No License Commission permit datasets are published.
License Commission,License Commission,6750,Jitney,https://cambridgema.portal.opengov.com/categories/1096/record-types/6750,False,curated,,,,,No License Commission permit datasets are published.
License Commission,License Commission,6573,Leaf Blower Permit,https://cambridgema.portal.opengov.com/categories/1096/record-types/6573,False,curated,,,,,No License Commission permit datasets are published.
License Commission,License Commission,6627,Letting of Motor Vehicles License,https://cambridgema.portal.opengov.com/categories/1096/record-types/6627,False,curated,,,,,No License Commission permit datasets are published.
License Commission,License Commission,6759,Livery Application,https://cambridgema.portal.opengov.com/categories/1096/record-types/6759,False,curated,,,,,No License Commission permit datasets are published.
License Commission,License Commission,6725,Medallion Holder Application,https://cambridgema.portal.opengov.com/categories/1096/record-types/6725,False,curated,,,,,No License Commission permit datasets are published.
License Commission,License Commission,6661,One Day Alcoholic and/or Entertainment License,https://cambridgema.portal.opengov.com/categories/1096/record-types/6661,False,curated,,,,,No License Commission permit datasets are published.
License Commission,License Commission,6662,One Day Amendment to an Existing License,https://cambridgema.portal.opengov.com/categories/1096/record-types/6662,False,curated,,,,,No License Commission permit datasets are published.
License Commission,License Commission,6665,One Day Hawker/Peddler License Application,https://cambridgema.portal.opengov.com/categories/1096/record-types/6665,False,curated,,,,,No License Commission permit datasets are published.
License Commission,License Commission,6663,One Day Temporary Amusement Application,https://cambridgema.portal.opengov.com/categories/1096/record-types/6663,False,curated,,,,,No License Commission permit datasets are published.
License Commission,License Commission,6664,One Day Temporary Auctioneer Application,https://cambridgema.portal.opengov.com/categories/1096/record-types/6664,False,curated,,,,,No License Commission permit datasets are published.
License Commission,License Commission,6638,Open Air Parking License,https://cambridgema.portal.opengov.com/categories/1096/record-types/6638,False,curated,,,,,No License Commission permit datasets are published.
License Commission,License Commission,6629,Pawnbroker License,https://cambridgema.portal.opengov.com/categories/1096/record-types/6629,False,curated,,,,,No License Commission permit datasets are published.
License Commission,License Commission,6689,Pole and Conduit,https://cambridgema.portal.opengov.com/categories/1096/record-types/6689,False,curated,,,,,No License Commission permit datasets are published.
License Commission,License Commission,6832,Raffle and/or Bazaar Application,https://cambridgema.portal.opengov.com/categories/1096/record-types/6832,False,curated,,,,,No License Commission permit datasets are published.
License Commission,License Commission,6635,"Second Hand Goods, Junk Dealers and/or Antiques",https://cambridgema.portal.opengov.com/categories/1096/record-types/6635,False,curated,,,,,No License Commission permit datasets are published.
License Commission,License Commission,6745,Small Cell Wireless Installation,https://cambridgema.portal.opengov.com/categories/1096/record-types/6745,False,curated,,,,,No License Commission permit datasets are published.
License Commission,License Commission,6829,Special Licenses Application (Charity Wine or Farmer's Market),https://cambridgema.portal.opengov.com/categories/1096/record-types/6829,False,curated,,,,,No License Commission permit datasets are published.
License Commission,License Commission,6690,Special Noise Variance,https://cambridgema.portal.opengov.com/categories/1096/record-types/6690,False,curated,,,,,No License Commission permit datasets are published.
License Commission,License Commission,6572,Used Car Dealer License,https://cambridgema.portal.opengov.com/categories/1096/record-types/6572,False,curated,,,,,No License Commission permit datasets are published.
Public Works (DPW),Public Works,6612,Appliance/Large Items,https://cambridgema.portal.opengov.com/categories/1101/record-types/6612,True,curated,rrgw-vvzj,Appliance Large Items Permits,https://data.cambridgema.gov/d/rrgw-vvzj,,
Public Works (DPW),Public Works,6710,"Crane, Boom, Pump Truck (CBP) Permit",https://cambridgema.portal.opengov.com/categories/1101/record-types/6710,True,curated,vppe-a39w,"Crane, Boom and Pump Truck Permits",https://data.cambridgema.gov/d/vppe-a39w,,
Public Works (DPW),Public Works,6715,Dewatering Permit,https://cambridgema.portal.opengov.com/categories/1101/record-types/6715,True,curated,b4k4-w9fk,Dewatering Permits,https://data.cambridgema.gov/d/b4k4-w9fk,,
Public Works (DPW),Public Works,6713,Excavation Permit,https://cambridgema.portal.opengov.com/categories/1101/record-types/6713,True,curated,nuxx-d95m,Excavation Permits,https://data.cambridgema.gov/d/nuxx-d95m,,
Public Works (DPW),Public Works,6878,Flood Resilience Compliance Confirmation,https://cambridgema.portal.opengov.com/categories/1101/record-types/6878,True,curated,c4us-bahj,Flood Resilience Compliance Confirmation,https://data.cambridgema.gov/d/c4us-bahj,,
Public Works (DPW),Public Works,6708,Park Permit,https://cambridgema.portal.opengov.com/categories/1101/record-types/6708,True,curated,wsde-3xia; mg2u-982u,"Park Permits, Future Events; Park Permit Details, Past Events",https://data.cambridgema.gov/d/wsde-3xia; https://data.cambridgema.gov/d/mg2u-982u,,Future and past park permit events.
Public Works (DPW),Public Works,6719,Sidewalk Obstruction Permit (Construction),https://cambridgema.portal.opengov.com/categories/1101/record-types/6719,True,curated,vydm-qk5p,Sidewalk Obstruction Permits,https://data.cambridgema.gov/d/vydm-qk5p,,
Public Works (DPW),Public Works,6712,Stormwater Control Permit,https://cambridgema.portal.opengov.com/categories/1101/record-types/6712,True,curated,rh2v-p4tg,Stormwater Permits,https://data.cambridgema.gov/d/rh2v-p4tg,,
Public Works (DPW),Public Works,6723,Tree Removal Permit,https://cambridgema.portal.opengov.com/categories/1101/record-types/6723,True,curated,vj95-me7d,Tree Removal Permits,https://data.cambridgema.gov/d/vj95-me7d,,
Public Works (DPW),Public Works,6871,Across Sidewalk Electric Vehicle Charging (EV) Permit,https://cambridgema.portal.opengov.com/categories/1101/record-types/6871,False,curated,,,,,No EV across-sidewalk charging permit dataset published.
Public Works (DPW),Public Works,6727,Banner Permit,https://cambridgema.portal.opengov.com/categories/1101/record-types/6727,False,curated,,,,,No banner permit dataset published.
Public Works (DPW),Public Works,6729,Contractor Registration,https://cambridgema.portal.opengov.com/categories/1101/record-types/6729,False,curated,,,,,No DPW contractor registration dataset published.
Public Works (DPW),Public Works,6721,Newsrack Permit,https://cambridgema.portal.opengov.com/categories/1101/record-types/6721,False,curated,,,,,No newsrack permit dataset published.
Public Works (DPW),Public Works,6870,Sewer Use Abatement Application,https://cambridgema.portal.opengov.com/categories/1101/record-types/6870,False,curated,,,,,No sewer use abatement dataset published.
Public Works (DPW),Public Works,6732,Short Term / Special Event Sidewalk Business Use Permit,https://cambridgema.portal.opengov.com/categories/1101/record-types/6732,False,curated,,,,,No short term sidewalk business use dataset published.
Public Works (DPW),Public Works,6722,Sidewalk and Street Business Use Permit (Annual),https://cambridgema.portal.opengov.com/categories/1101/record-types/6722,False,curated,,,,,No annual sidewalk/street business use dataset published.
Public Works (DPW),Public Works,6720,Special Events Committee Application,https://cambridgema.portal.opengov.com/categories/1101/record-types/6720,False,curated,,,,,DPW special events committee applications are not published.
Public Works (DPW),Public Works,6714,Temporary Construction Access,https://cambridgema.portal.opengov.com/categories/1101/record-types/6714,False,curated,,,,,No temporary construction access dataset published.
Fire Department,Fire Department,6763,Bi-Directional Amplifier Permit,https://cambridgema.portal.opengov.com/categories/1125/record-types/6763,False,curated,,,,,No Fire Department permit datasets are published.
Fire Department,Fire Department,6795,Carbon Monoxide Technical Option Permit,https://cambridgema.portal.opengov.com/categories/1125/record-types/6795,False,curated,,,,,No Fire Department permit datasets are published.
Fire Department,Fire Department,6796,Cryogenic & Compressed Gas Permit,https://cambridgema.portal.opengov.com/categories/1125/record-types/6796,False,curated,,,,,No Fire Department permit datasets are published.
Fire Department,Fire Department,6797,Cutting & Welding/Hot Work Permit,https://cambridgema.portal.opengov.com/categories/1125/record-types/6797,False,curated,,,,,No Fire Department permit datasets are published.
Fire Department,Fire Department,6798,Fire Alarm System Modification Permit,https://cambridgema.portal.opengov.com/categories/1125/record-types/6798,False,curated,,,,,No Fire Department permit datasets are published.
Fire Department,Fire Department,6808,Flammable & Combustible Material Permit,https://cambridgema.portal.opengov.com/categories/1125/record-types/6808,False,curated,,,,,No Fire Department permit datasets are published.
Fire Department,Fire Department,6810,Fuel Oil Burner & Storage Permit,https://cambridgema.portal.opengov.com/categories/1125/record-types/6810,False,curated,,,,,No Fire Department permit datasets are published.
Fire Department,Fire Department,6812,Hazardous Material Processing Permit,https://cambridgema.portal.opengov.com/categories/1125/record-types/6812,False,curated,,,,,No Fire Department permit datasets are published.
Fire Department,Fire Department,6807,Non-water Based Fire Protection System Permit,https://cambridgema.portal.opengov.com/categories/1125/record-types/6807,False,curated,,,,,No Fire Department permit datasets are published.
Fire Department,Fire Department,6774,Sale and Transfer Smoke/CO Certificate (26F-26F 1/2),https://cambridgema.portal.opengov.com/categories/1125/record-types/6774,False,curated,,,,,No Fire Department permit datasets are published.
Fire Department,Fire Department,6813,State Mandated Fire Inspection Registration,https://cambridgema.portal.opengov.com/categories/1125/record-types/6813,False,curated,,,,,No Fire Department permit datasets are published.
Fire Department,Fire Department,6814,Tank Installation Permit UST/AST,https://cambridgema.portal.opengov.com/categories/1125/record-types/6814,False,curated,,,,,No Fire Department permit datasets are published.
Fire Department,Fire Department,6815,Tank Removal Permit,https://cambridgema.portal.opengov.com/categories/1125/record-types/6815,False,curated,,,,,No Fire Department permit datasets are published.
Fire Department,Fire Department,6817,Temporary Fuel Storage Permit,https://cambridgema.portal.opengov.com/categories/1125/record-types/6817,False,curated,,,,,No Fire Department permit datasets are published.
Fire Department,Fire Department,6820,Temporary Heat Permit,https://cambridgema.portal.opengov.com/categories/1125/record-types/6820,False,curated,,,,,No Fire Department permit datasets are published.
Fire Department,Fire Department,6818,Unvented Propane or Natural Gas Fired Space Heater Permit,https://cambridgema.portal.opengov.com/categories/1125/record-types/6818,False,curated,,,,,No Fire Department permit datasets are published.
Fire Department,Fire Department,6801,Water Based Fire Protection System Modification Permit,https://cambridgema.portal.opengov.com/categories/1125/record-types/6801,False,curated,,,,,No Fire Department permit datasets are published.
Transportation,"Traffic, Parking, and Transportation",6691,Block Party Permit,https://cambridgema.portal.opengov.com/categories/1122/record-types/6691,True,curated,i2em-9w6g,Block Party Permits,https://data.cambridgema.gov/d/i2em-9w6g,,
Transportation,"Traffic, Parking, and Transportation",6749,Dumpster Permit,https://cambridgema.portal.opengov.com/categories/1122/record-types/6749,True,curated,8xmj-thsm,Dumpster Parking Permits,https://data.cambridgema.gov/d/8xmj-thsm,,
Transportation,"Traffic, Parking, and Transportation",6753,Funeral/Wake Parking Permit,https://cambridgema.portal.opengov.com/categories/1122/record-types/6753,True,curated,3tvu-vurw,Funeral and Wake Parking,https://data.cambridgema.gov/d/3tvu-vurw,,
Transportation,"Traffic, Parking, and Transportation",6700,Moving Container or Crate Permit,https://cambridgema.portal.opengov.com/categories/1122/record-types/6700,True,curated,k28p-e9kd,Moving Container or Crate parking permit,https://data.cambridgema.gov/d/k28p-e9kd,,
Transportation,"Traffic, Parking, and Transportation",6705,Moving Van,https://cambridgema.portal.opengov.com/categories/1122/record-types/6705,True,curated,sr5i-tmfb,Moving Van Permits,https://data.cambridgema.gov/d/sr5i-tmfb,,
Transportation,"Traffic, Parking, and Transportation",6754,Other Street Occupancy Parking Permit,https://cambridgema.portal.opengov.com/categories/1122/record-types/6754,True,curated,wa95-5fg7,Other Street Occupancy Permits,https://data.cambridgema.gov/d/wa95-5fg7,,
Transportation,"Traffic, Parking, and Transportation",6770,Parking Permit,https://cambridgema.portal.opengov.com/categories/1122/record-types/6770,True,curated,khuw-r9f4,Resident and Visitor Parking Permits,https://data.cambridgema.gov/d/khuw-r9f4,,Resident and visitor parking permits.
Transportation,"Traffic, Parking, and Transportation",6698,Tool Truck,https://cambridgema.portal.opengov.com/categories/1122/record-types/6698,True,curated,a5s6-4529,Tool Truck Parking Permits,https://data.cambridgema.gov/d/a5s6-4529,,
Transportation,"Traffic, Parking, and Transportation",6697,Traffic Clearance Permit,https://cambridgema.portal.opengov.com/categories/1122/record-types/6697,True,curated,d89e-7wmt,Traffic Clearance Permits,https://data.cambridgema.gov/d/d89e-7wmt,,
Transportation,"Traffic, Parking, and Transportation",6752,Traffic Special Event Permit,https://cambridgema.portal.opengov.com/categories/1122/record-types/6752,True,curated,4ixn-jz5x,Special Event Parking Permits,https://data.cambridgema.gov/d/4ixn-jz5x,,
Transportation,"Traffic, Parking, and Transportation",6851,Food Truck Program,https://cambridgema.portal.opengov.com/categories/1122/record-types/6851,False,curated,,,,,Reviewed: Mobile Food Truck Permits is the ISD food safety permit (record type 6622); the TPT vending program has no dataset.
Transportation,"Traffic, Parking, and Transportation",6825,Non-Resident Parking Permit,https://cambridgema.portal.opengov.com/categories/1122/record-types/6825,False,curated,,,,,Non-resident parking permits are not in the resident/visitor dataset.
Transportation,"Traffic, Parking, and Transportation",6724,Parking Consideration,https://cambridgema.portal.opengov.com/categories/1122/record-types/6724,False,curated,,,,,Parking consideration requests are not published.
Transportation,"Traffic, Parking, and Transportation",6844,Special Events Committee Application,https://cambridgema.portal.opengov.com/categories/1122/record-types/6844,False,curated,,,,,Traffic special events committee applications are not published.
Assessing,Assessing,6875,Change Mailing Address Request Form,https://cambridgema.portal.opengov.com/categories/1127/record-types/6875,False,curated,,,,,"Taxpayer service request, not a permit record set."
Assessing,Assessing,6846,Personal Exemption,https://cambridgema.portal.opengov.com/categories/1127/record-types/6846,False,curated,,,,,Exemption application; no published dataset.
Assessing,Assessing,7035,Residential Exemption,https://cambridgema.portal.opengov.com/categories/1127/record-types/7035,False,curated,,,,,Exemption application; no published dataset.
Assessing,Assessing,7008,Sales Verification Form,https://cambridgema.portal.opengov.com/categories/1127/record-types/7008,False,curated,,,,,Assessing intake form; no published dataset.
Animal Commission,Animal Care and Control,6728,Dog License,https://cambridgema.portal.opengov.com/categories/1123/record-types/6728,True,curated,sckh-3xyx,Dogs of Cambridge,https://data.cambridgema.gov/d/sckh-3xyx,,Dog License applications publish as Dogs of Cambridge.
Animal Commission,Animal Care and Control,6866,Helen K. Holland Animal Care Trust Fund,https://cambridgema.portal.opengov.com/categories/1123/record-types/6866,False,curated,,,,,Trust fund request; no permit output dataset.
Animal Commission,Animal Care and Control,7031,Kennel Application,https://cambridgema.portal.opengov.com/categories/1123/record-types/7031,False,curated,,,,,No kennel license dataset published.
Human Service Programs,Department of Human Service Programs,7030,2026-2027 DHSP Afterschool Programs Lottery,https://cambridgema.portal.opengov.com/categories/1131/record-types/7030,False,curated,,,,,Program lottery application; no published dataset.
Human Service Programs,Department of Human Service Programs,7032,2026–2027 Non-Resident Employee Lottery,https://cambridgema.portal.opengov.com/categories/1131/record-types/7032,False,curated,,,,,Program lottery application; no published dataset.
Human Service Programs,Department of Human Service Programs,7029,Cambridge DHSP Camp Rainbow 2026,https://cambridgema.portal.opengov.com/categories/1131/record-types/7029,False,curated,,,,,Camp registration; no published dataset.
Water Department,Water Department,6841,Backflow/Cross Connection Permit,https://cambridgema.portal.opengov.com/categories/1134/record-types/6841,False,curated,,,,,No backflow/cross connection permit dataset published.
Water Department,Water Department,6864,Fire Pump Test,https://cambridgema.portal.opengov.com/categories/1134/record-types/6864,False,curated,,,,,No fire pump test dataset published.
Water Department,Water Department,6856,Lab Tests for Distribution Work,https://cambridgema.portal.opengov.com/categories/1134/record-types/6856,False,curated,,,,,No distribution work lab test dataset published.
Cambridge Arts,Cambridge Arts,6855,Street Performers Permit,https://cambridgema.portal.opengov.com/categories/1135/record-types/6855,True,curated,x55n-q9yc,Cambridge Arts Street Performer Permits 2000-2016,https://data.cambridgema.gov/d/x55n-q9yc,,Street performer permits published through 2016 only.
Cambridge Arts,Cambridge Arts,7009,Pre-Fabrication Review,https://cambridgema.portal.opengov.com/categories/1135/record-types/7009,False,curated,,,,,Public art fabrication review; no published dataset.
City Clerk's Office,City Clerk's Office,6783,Business Certificate,https://cambridgema.portal.opengov.com/categories/1129/record-types/6783,False,curated,,,,,Business certificates (DBA) are not published as open data.
Community Development,Housing Department,6874,HomeBridge Application,https://cambridgema.portal.opengov.com/categories/1132/record-types/6874,False,curated,,,,,HomeBridge applications are not published as open data.
Emergency Communications,Emergency Communications,6975,Emergency Contact Information,https://cambridgema.portal.opengov.com/categories/1141/record-types/6975,False,curated,,,,,Emergency contact intake; not publishable.
