department,source_url
22-CityView,https://www.cambridgema.gov/Departments
American Freedmen Commission,https://www.cambridgema.gov/Departments
Animal Commission,https://www.cambridgema.gov/Departments
Assessing,https://www.cambridgema.gov/Departments
Auditing,https://www.cambridgema.gov/Departments
Budget,https://www.cambridgema.gov/Departments
Cambridge Arts,https://www.cambridgema.gov/Departments
Capital Building Projects,https://www.cambridgema.gov/Departments
City Clerk's Office,https://www.cambridgema.gov/Departments
City Council,https://www.cambridgema.gov/Departments
City Manager's Office,https://www.cambridgema.gov/Departments
Commission for Persons with Disabilities,https://www.cambridgema.gov/Departments
Community Development,https://www.cambridgema.gov/Departments
Community Safety,https://www.cambridgema.gov/Departments
Consumers' Council,https://www.cambridgema.gov/Departments
Department of Equity & Inclusion,https://www.cambridgema.gov/Departments
Election Commission,https://www.cambridgema.gov/Departments
Electrical,https://www.cambridgema.gov/Departments
Emergency Communications,https://www.cambridgema.gov/Departments
Family Policy Council,https://www.cambridgema.gov/Departments
Finance,https://www.cambridgema.gov/Departments
Fire Department,https://www.cambridgema.gov/Departments
Historical Commission,https://www.cambridgema.gov/Departments
Human Resources,https://www.cambridgema.gov/Departments
Human Rights Commission,https://www.cambridgema.gov/Departments
Human Service Programs,https://www.cambridgema.gov/Departments
Immigrant Rights & Citizenship (CIRC),https://www.cambridgema.gov/Departments
Information Technology,https://www.cambridgema.gov/Departments
Inspectional Services,https://www.cambridgema.gov/Departments
Law,https://www.cambridgema.gov/Departments
LGBTQ+ Commission,https://www.cambridgema.gov/Departments
Library,https://www.cambridgema.gov/Departments
License Commission,https://www.cambridgema.gov/Departments
Mayor's Office,https://www.cambridgema.gov/Departments
Office of Sustainability,https://www.cambridgema.gov/Departments
Peace Commission,https://www.cambridgema.gov/Departments
Police Department,https://www.cambridgema.gov/Departments
Police Review and Advisory Board,https://www.cambridgema.gov/Departments
Public Health,https://www.cambridgema.gov/Departments
Public Works (DPW),https://www.cambridgema.gov/Departments
Purchasing,https://www.cambridgema.gov/Departments
Retirement Board,https://www.cambridgema.gov/Departments
School Department,https://www.cambridgema.gov/Departments
Tourism Office,https://www.cambridgema.gov/Departments
Transportation,https://www.cambridgema.gov/Departments
Veterans' Services,https://www.cambridgema.gov/Departments
Water Department,https://www.cambridgema.gov/Departments
Weights & Measures,https://www.cambridgema.gov/Departments
Women's Commission,https://www.cambridgema.gov/Departments
